<?xml version="1.0" encoding="UTF-8"?>
<!--  This file conforms to the DTD xdc/bld/build.dtd -->
<package name="ti.sysbios.family.arm.v8a" version="1, 0, 0, 0" producerId="undefined">
    <units>
        <module name="Core"/>
        <module name="Mmu"/>
        <module name="TaskSupport"/>
        <module name="Timer"/>
        <module name="TimestampProvider"/>
    </units>
    <sources>
    </sources>
    <configscripts>
    </configscripts>
    <makefiles>
        <srcFile name="package.mak" src="package.bld"/>
        <srcFile name="package/package.xdc.dep" src="package.xdc"/>
        <srcFile name="package/package.cfg.dep" src="package.xdc"/>
        <srcFile name="package/rel/ti_sysbios_family_arm_v8a.tar.dep" src="package/rel/ti_sysbios_family_arm_v8a.xdc.inc"/>
    </makefiles>
    <targets>
    </targets>
    <libraries>
    </libraries>
    <configurations>
    </configurations>
    <executables>
    </executables>
    <tests>
    </tests>
    <releases relDir="package/rel/">
    <release name="ti_sysbios_family_arm_v8a"
        pname="ti_sysbios_family_arm_v8a.tar"
        label="default"
    >
        <file name="package/package.bld.xml"/>
        <file name="package/build.cfg"/>
        <file name="package/package.xdc.inc"/>
        <file name="CoreBoot.h"/>
        <file name="linkcmd.xdt"/>
        <file name="Core_link.xdt"/>
        <file name="package.bld"/>
        <file name="package/package.cfg.xdc.inc"/>
    </release>
    </releases>
    <repositories>
    </repositories>
</package>
