<?xml version="1.0" encoding="UTF-8"?>
<!--  This file conforms to the DTD xdc/bld/release.dtd -->
<release name="ti_sysbios_family" label="default" date="1502830991526" buildCount="1" producerId="undefined">
<package name="ti.sysbios.family"
    version="2, 0, 0, 0"/>
<imports>
    <package name="ti.sysbios.interfaces"
        version=""/>
</imports>
<references>
    <package name="xdc"
        version="1, 1, 1, 1502152168844"
        providerId="/db/rtree/library/trees/xdcprod/xdcprod-x33/product/xdccore/Linux/xdctools_3_50_03_33_core/packages">
        <file name="IPackage.xdc"/>
        <file name="IPackage.xs"/>
        <file name="Warnings.xs"/>
        <file name="om2.xs"/>
        <file name="package.xs"/>
        <file name="template.xs"/>
        <file name="utils.js"/>
        <file name="xdc.tci"/>
        <file name="xmlgen.xs"/>
        <file name="xmlgen2.xs"/>
    </package>
    <package name="xdc.services.global"
        version="1, 0, 0, 1502152286509"
        providerId="/db/rtree/library/trees/xdcprod/xdcprod-x33/product/xdccore/Linux/xdctools_3_50_03_33_core/packages">
        <file name="Clock.xs"/>
        <file name="Trace.xs"/>
        <file name="java/package.jar"/>
    </package>
    <package name="xdc.bld"
        version="1, 0, 2, 1502152178658"
        providerId="/db/rtree/library/trees/xdcprod/xdcprod-x33/product/xdccore/Linux/xdctools_3_50_03_33_core/packages">
        <file name="BuildEnvironment.xs"/>
        <file name="Configuration.xs"/>
        <file name="Executable.xs"/>
        <file name="ITarget.xs"/>
        <file name="ITarget2.xs"/>
        <file name="ITarget3.xs"/>
        <file name="ITargetFilter.xs"/>
        <file name="Library.xs"/>
        <file name="Manifest.xs"/>
        <file name="PackageContents.xs"/>
        <file name="Repository.xs"/>
        <file name="Script.xs"/>
        <file name="Utils.xs"/>
        <file name="_gen.xs"/>
        <file name="bld.js"/>
        <file name="package.xs"/>
    </package>
    <package name="ti.targets"
        version="1, 0, 3, 1501181245977"
        providerId="/db/rtree/library/trees/platformprod/platformprod-o09/exports/packages">
        <file name="C28_float.xs"/>
        <file name="C28_large.xs"/>
        <file name="ITarget.xs"/>
        <file name="package.xs"/>
    </package>
    <package name="ti.targets.msp430.elf"
        version="1, 0, 0, 1501181284076"
        providerId="/db/rtree/library/trees/platformprod/platformprod-o09/exports/packages">
        <file name="MSP430.xs"/>
        <file name="MSP430X.xs"/>
        <file name="MSP430X_small.xs"/>
        <file name="package.xs"/>
    </package>
    <package name="ti.targets.arp32.elf"
        version="1, 0, 0, 1501181259691"
        providerId="/db/rtree/library/trees/platformprod/platformprod-o09/exports/packages">
        <file name="IARP32.xs"/>
        <file name="package.xs"/>
    </package>
    <package name="ti.targets.elf"
        version="1, 0, 0, 1501181265604"
        providerId="/db/rtree/library/trees/platformprod/platformprod-o09/exports/packages">
        <file name="C28_float.xs"/>
        <file name="ITarget.xs"/>
        <file name="package.xs"/>
    </package>
    <package name="ti.targets.arm.elf"
        version="1, 0, 0, 1501181252840"
        providerId="/db/rtree/library/trees/platformprod/platformprod-o09/exports/packages">
        <file name="IArm.xs"/>
        <file name="package.xs"/>
    </package>
    <package name="gnu.targets"
        version="1, 0, 1, 1501181209370"
        providerId="/db/rtree/library/trees/platformprod/platformprod-o09/exports/packages">
        <file name="ITarget.xs"/>
        <file name="Linux86.xs"/>
        <file name="Mingw.xs"/>
        <file name="_utils.xs"/>
        <file name="package.xs"/>
    </package>
    <package name="ti.targets.elf.nda"
        version="1, 0, 0, 1501181271898"
        providerId="/db/rtree/library/trees/platformprod/platformprod-o09/exports/packages">
        <file name="package.xs"/>
    </package>
    <package name="gnu.targets.arm"
        version="1, 0, 0, 1501181216039"
        providerId="/db/rtree/library/trees/platformprod/platformprod-o09/exports/packages">
        <file name="A15F.xs"/>
        <file name="A53F.xs"/>
        <file name="A8F.xs"/>
        <file name="A9F.xs"/>
        <file name="GCArmv6.xs"/>
        <file name="GCArmv7A.xs"/>
        <file name="IM.xs"/>
        <file name="ITarget.xs"/>
        <file name="M3.xs"/>
        <file name="M4.xs"/>
        <file name="M4F.xs"/>
        <file name="package.xs"/>
    </package>
    <package name="iar.targets.msp430"
        version="1, 0, 0, 1501181233800"
        providerId="/db/rtree/library/trees/platformprod/platformprod-o09/exports/packages">
        <file name="ITarget.xs"/>
        <file name="MSP430X_large.xs"/>
        <file name="MSP430X_small.xs"/>
        <file name="package.xs"/>
    </package>
    <package name="iar.targets.arm"
        version="1, 0, 0, 1501181228082"
        providerId="/db/rtree/library/trees/platformprod/platformprod-o09/exports/packages">
        <file name="ITarget.xs"/>
        <file name="package.xs"/>
    </package>
    <package name="tisb.coverity.filters"
        version="1, 0, 0, 1493070747585"
        providerId="/db/toolsrc/library/toolsE77/packages">
        <file name="TisbDefaults.xs"/>
    </package>
    <package name="tisb.misra.filters"
        version="1, 0, 0, 1493070747629"
        providerId="/db/toolsrc/library/toolsE77/packages">
        <file name="Misra.xs"/>
        <file name="TisbDefaults.xs"/>
    </package>
    <package name="ti.sysbios"
        version="2, 0, 0, 0, 1502829993000"
        providerId="/db/vtree/library/trees/avala/avala-D10/src">
        <file name="reports/misra.xs"/>
    </package>
    <package name="ti.sysbios.family.arp32"
        version="2, 0, 0, 0, 1502830001000"
        providerId="/db/vtree/library/trees/avala/avala-D10/src">
        <file name="Settings.xs"/>
    </package>
    <package name="ti.sysbios.family.c64p"
        version="2, 0, 0, 0, 1502830003000"
        providerId="/db/vtree/library/trees/avala/avala-D10/src">
        <file name="Settings.xs"/>
    </package>
    <package name="ti.sysbios.family.c28"
        version="2, 0, 0, 0, 1502830001000"
        providerId="/db/vtree/library/trees/avala/avala-D10/src">
        <file name="c28Settings.xs"/>
    </package>
    <package name="ti.sysbios.family.arm"
        version="2, 0, 0, 0, 1502829994000"
        providerId="/db/vtree/library/trees/avala/avala-D10/src">
        <file name="Settings.xs"/>
        <file name="armSettings.xs"/>
    </package>
    <package name="xdc.platform"
        version="1, 0, 1, 1502152210313"
        providerId="/db/rtree/library/trees/xdcprod/xdcprod-x33/product/xdccore/Linux/xdctools_3_50_03_33_core/packages">
        <file name="ExeContext.xs"/>
        <file name="IPeripheral.xs"/>
        <file name="IPlatform.xs"/>
        <file name="Utils.xs"/>
        <file name="package.xs"/>
    </package>
    <package name="ti.catalog.arm"
        version="1, 0, 1, 1502475460637"
        providerId="/db/rtree/library/trees/platformprod/platformprod-o09/exports/packages">
        <file name="CortexM3.xs"/>
        <file name="IOMAP2x3x.xs"/>
        <file name="IOMAP3xxx.xs"/>
        <file name="ITMS320DA8xx.xs"/>
        <file name="TMS320C1030.xs"/>
        <file name="TMS320C5912.xs"/>
        <file name="TMS320CDM510.xs"/>
        <file name="TMS320CDM6446.xs"/>
        <file name="TMS320CDM6467.xs"/>
        <file name="TMS320CDM730.xs"/>
        <file name="TMS320CDM740.xs"/>
        <file name="TMS320DM355.xs"/>
        <file name="TMS320DM357.xs"/>
        <file name="TMS320DM365.xs"/>
        <file name="TMS470R10.xs"/>
        <file name="TMS570LS20216.xs"/>
        <file name="TMS570PSF762.xs"/>
        <file name="TNETV107X.xs"/>
        <file name="package.xs"/>
    </package>
    <package name="ti.catalog.arm.cortexa8"
        version="1, 0, 0, 1502475468778"
        providerId="/db/rtree/library/trees/platformprod/platformprod-o09/exports/packages">
        <file name="IAM335X.xs"/>
        <file name="IOMAP3xxx.xs"/>
        <file name="ITI811X.xs"/>
        <file name="ITI813X.xs"/>
        <file name="ITI8148.xs"/>
        <file name="ITI8168.xs"/>
    </package>
    <package name="ti.catalog.arm.cortexr4"
        version="1, 0, 0, 1502475475963"
        providerId="/db/rtree/library/trees/platformprod/platformprod-o09/exports/packages">
        <file name="CortexR.xs"/>
    </package>
    <package name="ti.catalog.arm.cortexm3"
        version="1, 0, 0, 1502475472407"
        providerId="/db/rtree/library/trees/platformprod/platformprod-o09/exports/packages">
        <file name="CC13xx.xs"/>
        <file name="CC26xx.xs"/>
        <file name="CortexM3.xs"/>
        <file name="F28M35x.xs"/>
        <file name="ITI811X.xs"/>
        <file name="ITI813X.xs"/>
        <file name="ITI8148.xs"/>
        <file name="ITI8168.xs"/>
        <file name="OMAP4430.xs"/>
        <file name="Tiva.xs"/>
    </package>
    <package name="ti.catalog.arm.cortexm4"
        version="1, 0, 0, 1502475472462"
        providerId="/db/rtree/library/trees/platformprod/platformprod-o09/exports/packages">
        <file name="CC13xx.xs"/>
        <file name="CC26xx.xs"/>
        <file name="CC32xx.xs"/>
        <file name="DRA7XX.xs"/>
        <file name="MSP432.xs"/>
        <file name="MSP432E.xs"/>
        <file name="OMAP5430.xs"/>
        <file name="TDA3XX.xs"/>
        <file name="Tiva.xs"/>
        <file name="Vayu.xs"/>
    </package>
    <package name="ti.catalog.arm.cortexa9"
        version="1, 0, 0, 1502475468807"
        providerId="/db/rtree/library/trees/platformprod/platformprod-o09/exports/packages">
        <file name="AM437X.xs"/>
        <file name="OMAP4430.xs"/>
    </package>
    <package name="ti.catalog.arm.cortexa15"
        version="1, 0, 0, 1502475468727"
        providerId="/db/rtree/library/trees/platformprod/platformprod-o09/exports/packages">
        <file name="DRA7XX.xs"/>
        <file name="ITCI663X.xs"/>
        <file name="OMAP5430.xs"/>
        <file name="TCI6636K2H.xs"/>
        <file name="TCI66AK2G02.xs"/>
        <file name="Vayu.xs"/>
    </package>
    <package name="ti.sysbios.family.msp430"
        version="1, 0, 0, 0, 1502830005000"
        providerId="/db/vtree/library/trees/avala/avala-D10/src">
        <file name="msp430Settings.xs"/>
    </package>
    <package name="ti.sysbios.interfaces"
        version="2, 0, 0, 0, 1502830008000"
        providerId="/db/vtree/library/trees/avala/avala-D10/src">
        <file name="ISettings.xdc"/>
    </package>
    <package name="xdc.services.spec"
        version="1, 0, 0, 1502152351658"
        providerId="/db/rtree/library/trees/xdcprod/xdcprod-x33/product/xdccore/Linux/xdctools_3_50_03_33_core/packages">
        <file name="java/package.jar"/>
    </package>
    <package name="xdc.shelf"
        version="1, 0, 0, 1502152393023"
        providerId="/db/rtree/library/trees/xdcprod/xdcprod-x33/product/xdccore/Linux/xdctools_3_50_03_33_core/packages">
        <file name="java/antlr.jar"/>
        <file name="java/ecj.jar"/>
        <file name="java/js.jar"/>
        <file name="java/tar.jar"/>
    </package>
    <package name="xdc.services.intern.gen"
        version="1, 0, 0, 1502152321751"
        providerId="/db/rtree/library/trees/xdcprod/xdcprod-x33/product/xdccore/Linux/xdctools_3_50_03_33_core/packages">
        <file name="java/package.jar"/>
    </package>
    <package name="xdc.services.intern.xsr"
        version="1, 0, 0, 1502152327889"
        providerId="/db/rtree/library/trees/xdcprod/xdcprod-x33/product/xdccore/Linux/xdctools_3_50_03_33_core/packages">
        <file name="java/package.jar"/>
    </package>
    <package name="xdc.services.intern.cmd"
        version="1, 0, 0, 1502152316029"
        providerId="/db/rtree/library/trees/xdcprod/xdcprod-x33/product/xdccore/Linux/xdctools_3_50_03_33_core/packages">
        <file name="java/package.jar"/>
    </package>
    <xdcRoot base="/db/rtree/library/trees/xdcprod/xdcprod-x33/product/xdccore/Linux/xdctools_3_50_03_33_core/">
        <file name="/packages/xdc/package.xdc"/>
        <xdcCorePkg version="16, 0, 2, 1502152204564" producerId="/db/ztree/library/trees/xdc/xdc-D20/src/packages" buildCount="1" releaseName="xdc_corevers" label="default" date="1502152204564"/>
    </xdcRoot>
</references>
<orphans>
    <file name="/db/vtree/library/trees/avala/avala-D10/src/config.bld"/>
</orphans>
</release>
