<?xml version="1.0" encoding="UTF-8" standalone="no"?>

<gep name="r5/Cache" title="Cortex-R5 Cache Module" version="1">

<page name="Module" title="Module Settings">
<html><body><table>
  <tr>
      <td><form>
        <p>Cortex-R5 Cache module</p>
        <p> </p>
      </form></td>
  </tr>
  <tr>
    <td><control type="checkbox" label="Add the Cache module to my configuration" value="value:this.$used" bold="true"/></td>
  </tr>
  <tr></tr>
  <tr><td>
      <h1>Cache Enable</h1>
      <table>
        <tr>
          <td><control type="checkbox" 
               label="Enable cache"
               value="value:this.enableCache" 
               tooltip="value:this.enableCache.$summary"/></td>
        </tr>
      </table>
  </td></tr>
</table></body></html>
</page>
<properties name="Advanced" title="All Options" enabled="true" visible="true" link="this"/>
</gep>

