<?xml version="1.0" encoding="UTF-8" standalone="no"?>

<gep name="m3/Timer" title="M3 Timer Management" version="1">

<page name="Module" title="Module Settings">
<html><body><table>
  <tr>
      <td><form>
        <p>The Timer module provides M3-specific timer services that extend those provided by the generic ti.sysbios.hal.Timer module.</p>
        <p> </p>
      </form></td>
  </tr>
  <tr>
    <td><control type="checkbox" label="Add M3-specific Timer management to my configuration" value="value:this.$used" bold="true"/></td>
  </tr>
</table></body></html>
</page>

<page name="Instance" title="Instance Settings" DPI="10">
<html><body><table>
  <tr>
    <td>
      <h1>Timers</h1>
      <table><tr>
        <td><control type="listbox" sort="true" id="master" text="value:this.$activeInstance" width="10" height="15" align="fill" labels="value:this"/></td>
        <td>
          <control type="pushbutton" label="Add ..." align="fill" link="action:New"/>
          <control type="pushbutton" label="Remove" align="fill" link="action:Delete" context="value:widget.master.selection"/>
        </td>
      </tr></table>
    </td>
    <td context="value:widget.master.selection">
      <h1>Required Settings</h1>
      <table>
        <tr>
          <td><control type="label" label="Handle" align="left"/></td>
          <td><control type="editbox" 
               value="value:this.instance.name"
               tooltip="Handle name"/></td>
        </tr>
        <tr>
          <td><control type="label" label="Timer ISR function" align="left"/></td>
          <td colspan="2"><control type="editbox" 
               value="value:this.create.tickFxn"
               tooltip="value:this.create.tickFxn.$summary"/></td>
        </tr>
        <tr>
          <td><control type="label" label="Timer Id" align="left"/></td>
          <td><control type="droplist"
               labels="0"
               values="0"
               text="value:this.create.id"
               tooltip="Supported range of Timer Ids is device specific"/></td>
        </tr>
        <tr>
          <td><control type="label" label="Period" align="left"/></td>
          <td><control type="editbox" 
             value="value:this.period"
             tooltip="value:this.period.$summary"/></td>
          <td><control type="droplist" 
             value="value:this.periodType"
             tooltip="value:this.periodType.$summary"/></td>
        </tr>
        </table>
      <h1>Additional Settings</h1>
        <table>
        <tr>
          <td><control type="label" label="Argument passed to the Timer ISR function" align="left"/></td>
          <td><control type="editbox" 
             value="value:this.arg"
             tooltip="value:this.arg.$summary"/></td>
        </tr>
        <tr>
          <td><control type="label" label="Start mode" align="left"/></td>
          <td colspan="2"><control type="droplist" 
             value="value:this.startMode"
             tooltip="value:this.startMode.$summary"/></td>
        </tr>
        <tr>
          <td><control type="label" label="Run mode" align="left"/></td>
          <td colspan="2"><control type="droplist" 
             value="value:this.runMode"
             tooltip="value:this.runMode.$summary"/></td>
        </tr>
      </table>
    </td>
  </tr>
</table></body></html>
</page>
<properties name="Advanced" title="All Options" enabled="true" visible="true" link="this"/>
</gep>

