<?xml version="1.0" encoding="UTF-8" standalone="no"?>
<gep name="MSP432/Boot" title="MSP432 Boot" version="1">
<page name="Basic" title="Boot/Startup Options">
<html><body><table>
  <tr><td colspan="2">
    <control type="checkbox" label="Add MSP432 Boot management to my configuration" value="value:this.$used" bold="true"/></td>
  </tr>
  <tr></tr>
  <tr>
    <td>
      <h1>Boot Configuration</h1>
        <table>
        <tr>
          <td><control type="checkbox" 
                       label="Disable watchdog timer" 
                       value="value:this.disableWatchdog" 
                       tooltip="value:this.disableWatchdog.$summary"/></td>
        </tr>
        <tr>
          <td><control type="checkbox" 
                       label="Configure clock system (CS)"
                       value="value:this.configureClocks" 
                       tooltip="value:this.configureClocks.$summary"/></td>
        </tr>
       <tr>
        <td><control type="label" label="Clock speed select option" align="left"/></td>
        <td><control type="droplist"
             enabled="value:this.configureClocks"
             value="value:this.speedSelect"
             tooltip="value:this.speedSelect.$summary"/></td>
      </tr>
      </table>
    </td>
  </tr>
</table></body></html>
</page>

<properties name="Advanced" title="All Options" enabled="true" visible="true" link="this"/>

</gep>
