<?xml version="1.0" encoding="UTF-8"?>
<!--  This file conforms to the DTD xdc/bld/build.dtd -->
<package name="ti.sysbios.family.arm.msp432e4.init" version="1, 0, 0" producerId="undefined">
    <units>
        <module name="Boot"/>
    </units>
    <sources>
        <srcFile name="package/package_ti.sysbios.family.arm.msp432e4.init.c"/>
        <srcFile name="Boot.c"/>
        <srcFile name="Boot_sysctl.c"/>
    </sources>
    <configscripts>
    </configscripts>
    <makefiles>
        <srcFile name="package.mak" src="package.bld"/>
        <srcFile name="package/package.xdc.dep" src="package.xdc"/>
        <srcFile name="package/package.cfg.dep" src="package.xdc"/>
        <srcFile name="lib/Boot.aem3.mak" src="package.bld"/>
        <srcFile name="package/lib/lib/Boot/package/package_ti.sysbios.family.arm.msp432e4.init.oem3.dep" src="package/package_ti.sysbios.family.arm.msp432e4.init.c"/>
        <srcFile name="package/lib/lib/Boot/Boot.oem3.dep" src="Boot.c"/>
        <srcFile name="package/lib/lib/Boot/Boot_sysctl.oem3.dep" src="Boot_sysctl.c"/>
        <srcFile name="lib/Boot.am3g.mak" src="package.bld"/>
        <srcFile name="package/lib/lib/Boot/package/package_ti.sysbios.family.arm.msp432e4.init.om3g.dep" src="package/package_ti.sysbios.family.arm.msp432e4.init.c"/>
        <srcFile name="package/lib/lib/Boot/Boot.om3g.dep" src="Boot.c"/>
        <srcFile name="package/lib/lib/Boot/Boot_sysctl.om3g.dep" src="Boot_sysctl.c"/>
        <srcFile name="lib/Boot.arm3.mak" src="package.bld"/>
        <srcFile name="package/lib/lib/Boot/package/package_ti.sysbios.family.arm.msp432e4.init.orm3.dep" src="package/package_ti.sysbios.family.arm.msp432e4.init.c"/>
        <srcFile name="package/lib/lib/Boot/Boot.orm3.dep" src="Boot.c"/>
        <srcFile name="package/lib/lib/Boot/Boot_sysctl.orm3.dep" src="Boot_sysctl.c"/>
        <srcFile name="lib/Boot.aem4f.mak" src="package.bld"/>
        <srcFile name="package/lib/lib/Boot/package/package_ti.sysbios.family.arm.msp432e4.init.oem4f.dep" src="package/package_ti.sysbios.family.arm.msp432e4.init.c"/>
        <srcFile name="package/lib/lib/Boot/Boot.oem4f.dep" src="Boot.c"/>
        <srcFile name="package/lib/lib/Boot/Boot_sysctl.oem4f.dep" src="Boot_sysctl.c"/>
        <srcFile name="lib/Boot.am4fg.mak" src="package.bld"/>
        <srcFile name="package/lib/lib/Boot/package/package_ti.sysbios.family.arm.msp432e4.init.om4fg.dep" src="package/package_ti.sysbios.family.arm.msp432e4.init.c"/>
        <srcFile name="package/lib/lib/Boot/Boot.om4fg.dep" src="Boot.c"/>
        <srcFile name="package/lib/lib/Boot/Boot_sysctl.om4fg.dep" src="Boot_sysctl.c"/>
        <srcFile name="lib/Boot.arm4f.mak" src="package.bld"/>
        <srcFile name="package/lib/lib/Boot/package/package_ti.sysbios.family.arm.msp432e4.init.orm4f.dep" src="package/package_ti.sysbios.family.arm.msp432e4.init.c"/>
        <srcFile name="package/lib/lib/Boot/Boot.orm4f.dep" src="Boot.c"/>
        <srcFile name="package/lib/lib/Boot/Boot_sysctl.orm4f.dep" src="Boot_sysctl.c"/>
        <srcFile name="package/rel/ti_sysbios_family_arm_msp432e4_init.tar.dep" src="package/rel/ti_sysbios_family_arm_msp432e4_init.xdc.inc"/>
    </makefiles>
    <targets>
        <target name="ti.targets.arm.elf.M3"
            version="ti.targets.arm.elf.M3{1,0,16.9,4"
            rawVersion="16.9.4"
            platform="ti.platforms.simCM3"
            isa="v7M"
            suffix="em3"
            rootDir="/db/vendors/ti/arm/16.9.4.LTS/Linux"
            os="undefined"
            rts="ti.targets.arm.rtsarm">
            <model endian="little"
                codeModel="thumb2"
                dataModel="undefined"/>
        </target>
        <target name="gnu.targets.arm.M3"
            version="gnu.targets.arm.M3{1,0,6.3,1"
            rawVersion="6.3.1"
            platform="ti.platforms.tiva:TM4C1294NCPDT"
            isa="v7M"
            suffix="m3g"
            rootDir="/db/vendors/linaro/gcc-arm-none-eabi-6-2017-q1-update"
            os="undefined"
            rts="gnu.targets.arm.rtsv7M">
            <model endian="little"
                codeModel="thumb2"
                dataModel="undefined"/>
        </target>
        <target name="iar.targets.arm.M3"
            version="iar.targets.arm.M3{1,0,8.11,1"
            rawVersion="8.11.1.47"
            platform="ti.platforms.tiva:TM4C1294NCPDT:1"
            isa="v7M"
            suffix="rm3"
            rootDir="/db/vendors/iar/arm/8.11.1.47/Linux"
            os="undefined"
            rts="iar.targets.arm.rts">
            <model endian="little"
                codeModel="thumb2"
                dataModel="undefined"/>
        </target>
        <target name="ti.targets.arm.elf.M4F"
            version="ti.targets.arm.elf.M4F{1,0,16.9,4"
            rawVersion="16.9.4"
            platform="ti.platforms.tiva:TM4C1294NCPDT:1"
            isa="v7M4"
            suffix="em4f"
            rootDir="/db/vendors/ti/arm/16.9.4.LTS/Linux"
            os="undefined"
            rts="ti.targets.arm.rtsarm">
            <model endian="little"
                codeModel="thumb2"
                dataModel="undefined"/>
        </target>
        <target name="gnu.targets.arm.M4F"
            version="gnu.targets.arm.M4F{1,0,6.3,1"
            rawVersion="6.3.1"
            platform="ti.platforms.tiva:TM4C1294NCPDT"
            isa="v7M4"
            suffix="m4fg"
            rootDir="/db/vendors/linaro/gcc-arm-none-eabi-6-2017-q1-update"
            os="undefined"
            rts="gnu.targets.arm.rtsv7M">
            <model endian="little"
                codeModel="thumb2"
                dataModel="undefined"/>
        </target>
        <target name="iar.targets.arm.M4F"
            version="iar.targets.arm.M4F{1,0,8.11,1"
            rawVersion="8.11.1.47"
            platform="ti.platforms.tiva:TM4C1294NCPDT:1"
            isa="v7M4"
            suffix="rm4f"
            rootDir="/db/vendors/iar/arm/8.11.1.47/Linux"
            os="undefined"
            rts="iar.targets.arm.rts">
            <model endian="little"
                codeModel="thumb2"
                dataModel="undefined"/>
        </target>
    </targets>
    <libraries>
    <library name="lib/Boot"
        pname="lib/Boot.aem3"
        profile="release"
        target="ti.targets.arm.elf.M3"/>
    <library name="lib/Boot"
        pname="lib/Boot.am3g"
        profile="release"
        target="gnu.targets.arm.M3"/>
    <library name="lib/Boot"
        pname="lib/Boot.arm3"
        profile="release"
        target="iar.targets.arm.M3"/>
    <library name="lib/Boot"
        pname="lib/Boot.aem4f"
        profile="release"
        target="ti.targets.arm.elf.M4F"/>
    <library name="lib/Boot"
        pname="lib/Boot.am4fg"
        profile="release"
        target="gnu.targets.arm.M4F"/>
    <library name="lib/Boot"
        pname="lib/Boot.arm4f"
        profile="release"
        target="iar.targets.arm.M4F"/>
    </libraries>
    <configurations>
    </configurations>
    <executables>
    </executables>
    <tests>
    </tests>
    <releases relDir="package/rel/">
    <release name="ti_sysbios_family_arm_msp432e4_init"
        pname="ti_sysbios_family_arm_msp432e4_init.tar"
        label="default"
    >
        <file name="package/package.bld.xml"/>
        <file name="package/build.cfg"/>
        <file name="package/package.xdc.inc"/>
        <file name="Boot.c"/>
        <file name="Boot_sysctl.c"/>
        <file name="Boot.xml"/>
        <file name="sysctl.h"/>
        <file name="hw_sysctl.h"/>
        <file name="hw_types.h"/>
        <file name="package.bld"/>
        <file name="package/package.cfg.xdc.inc"/>
        <file name="lib/Boot.aem3"/>
        <file name="lib/Boot.am3g"/>
        <file name="lib/Boot.arm3"/>
        <file name="lib/Boot.aem4f"/>
        <file name="lib/Boot.am4fg"/>
        <file name="lib/Boot.arm4f"/>
    </release>
    </releases>
    <repositories>
    </repositories>
</package>
