<?xml version="1.0" encoding="UTF-8"?>
<!--  This file conforms to the DTD xdc/bld/build.dtd -->
<package name="ti.sysbios.family.arm.v7r" version="2, 0, 0, 0" producerId="undefined">
    <units>
        <module name="Cache"/>
    </units>
    <sources>
    </sources>
    <configscripts>
    </configscripts>
    <makefiles>
        <srcFile name="package.mak" src="package.bld"/>
        <srcFile name="package/package.xdc.dep" src="package.xdc"/>
        <srcFile name="package/package.cfg.dep" src="package.xdc"/>
        <srcFile name="package/rel/ti_sysbios_family_arm_v7r.tar.dep" src="package/rel/ti_sysbios_family_arm_v7r.xdc.inc"/>
    </makefiles>
    <targets>
    </targets>
    <libraries>
    </libraries>
    <configurations>
    </configurations>
    <executables>
    </executables>
    <tests>
    </tests>
    <releases relDir="package/rel/">
    <release name="ti_sysbios_family_arm_v7r"
        pname="ti_sysbios_family_arm_v7r.tar"
        label="default"
    >
        <file name="package/package.bld.xml"/>
        <file name="package/build.cfg"/>
        <file name="package/package.xdc.inc"/>
        <file name="package.bld"/>
        <file name="Cache.xml"/>
        <file name="package/package.cfg.xdc.inc"/>
    </release>
    </releases>
    <repositories>
    </repositories>
</package>
