<?xml version="1.0" encoding="UTF-8" standalone="no"?>

<gep name="GateMutex" title="Mutex Gate" version="1">

<page name="Module" title="Module Settings">
<html><body><table>
  <tr>
      <td><form>
        <p>GateMutex uses a Semaphore as the resource locking mechanism. Each
           GateMutex instance has its own unique Semaphore. This gate can only be
           used by a Task as a gate can potentially block. This gate cannot be used
           by a Hwi or Swi.</p>
        <p> </p>
      </form></td>
  </tr>
  <tr>
    <td><control type="checkbox" label="Add the GateMutex module to my configuration" value="value:this.$used" bold="true"/></td>
  </tr>
  <tr></tr>
</table></body></html>
</page>
</gep>

