<?xml version="1.0" encoding="UTF-8" standalone="no"?>

<gep name="GateSpinlock" title="Spinlock Gate" version="1">

<page name="Module" title="Module Settings">
<html><body><table>
  <tr>
      <td><form>
        <p>GateSpinlock is a light weight gate that can be used for protecting
           shared resources.</p>
        <p> </p>
      </form></td>
  </tr>
  <tr>
    <td><control type="checkbox" label="Add the GateSpinlock module to my configuration" value="value:this.$used" bold="true"/></td>
  </tr>
  <tr></tr>
</table></body></html>
</page>
</gep>

