<?xml version="1.0" encoding="UTF-8"?>
<!--  This file conforms to the DTD xdc/bld/build.dtd -->
<package name="ti.dpl" version="1, 0, 0" producerId="undefined">
    <units>
    </units>
    <sources>
        <srcFile name="package/package_ti.dpl.c"/>
        <srcFile name="./ClockP_tirtos.c"/>
        <srcFile name="./DebugP_tirtos.c"/>
        <srcFile name="./HwiP_tirtos.c"/>
        <srcFile name="./MutexP_tirtos.c"/>
        <srcFile name="./SemaphoreP_tirtos.c"/>
        <srcFile name="./SwiP_tirtos.c"/>
        <srcFile name="./SystemP_tirtos.c"/>
        <srcFile name="./PowerCC26XX_tirtos.c"/>
        <srcFile name="./PowerCC26X2_tirtos.c"/>
    </sources>
    <configscripts>
    </configscripts>
    <makefiles>
        <srcFile name="package.mak" src="package.bld"/>
        <srcFile name="package/package.xdc.dep" src="package.xdc"/>
        <srcFile name="package/package.cfg.dep" src="package.xdc"/>
        <srcFile name="lib/dpl_cc13x0.aem3.mak" src="package.bld"/>
        <srcFile name="package/lib/lib/dpl_cc13x0/package/package_ti.dpl.oem3.dep" src="package/package_ti.dpl.c"/>
        <srcFile name="package/lib/lib/dpl_cc13x0/./ClockP_tirtos.oem3.dep" src="./ClockP_tirtos.c"/>
        <srcFile name="package/lib/lib/dpl_cc13x0/./DebugP_tirtos.oem3.dep" src="./DebugP_tirtos.c"/>
        <srcFile name="package/lib/lib/dpl_cc13x0/./HwiP_tirtos.oem3.dep" src="./HwiP_tirtos.c"/>
        <srcFile name="package/lib/lib/dpl_cc13x0/./MutexP_tirtos.oem3.dep" src="./MutexP_tirtos.c"/>
        <srcFile name="package/lib/lib/dpl_cc13x0/./SemaphoreP_tirtos.oem3.dep" src="./SemaphoreP_tirtos.c"/>
        <srcFile name="package/lib/lib/dpl_cc13x0/./SwiP_tirtos.oem3.dep" src="./SwiP_tirtos.c"/>
        <srcFile name="package/lib/lib/dpl_cc13x0/./SystemP_tirtos.oem3.dep" src="./SystemP_tirtos.c"/>
        <srcFile name="package/lib/lib/dpl_cc13x0/./PowerCC26XX_tirtos.oem3.dep" src="./PowerCC26XX_tirtos.c"/>
        <srcFile name="lib/dpl_cc13x0.arm3.mak" src="package.bld"/>
        <srcFile name="package/lib/lib/dpl_cc13x0/package/package_ti.dpl.orm3.dep" src="package/package_ti.dpl.c"/>
        <srcFile name="package/lib/lib/dpl_cc13x0/./ClockP_tirtos.orm3.dep" src="./ClockP_tirtos.c"/>
        <srcFile name="package/lib/lib/dpl_cc13x0/./DebugP_tirtos.orm3.dep" src="./DebugP_tirtos.c"/>
        <srcFile name="package/lib/lib/dpl_cc13x0/./HwiP_tirtos.orm3.dep" src="./HwiP_tirtos.c"/>
        <srcFile name="package/lib/lib/dpl_cc13x0/./MutexP_tirtos.orm3.dep" src="./MutexP_tirtos.c"/>
        <srcFile name="package/lib/lib/dpl_cc13x0/./SemaphoreP_tirtos.orm3.dep" src="./SemaphoreP_tirtos.c"/>
        <srcFile name="package/lib/lib/dpl_cc13x0/./SwiP_tirtos.orm3.dep" src="./SwiP_tirtos.c"/>
        <srcFile name="package/lib/lib/dpl_cc13x0/./SystemP_tirtos.orm3.dep" src="./SystemP_tirtos.c"/>
        <srcFile name="package/lib/lib/dpl_cc13x0/./PowerCC26XX_tirtos.orm3.dep" src="./PowerCC26XX_tirtos.c"/>
        <srcFile name="lib/dpl_cc13x0.am3g.mak" src="package.bld"/>
        <srcFile name="package/lib/lib/dpl_cc13x0/package/package_ti.dpl.om3g.dep" src="package/package_ti.dpl.c"/>
        <srcFile name="package/lib/lib/dpl_cc13x0/./ClockP_tirtos.om3g.dep" src="./ClockP_tirtos.c"/>
        <srcFile name="package/lib/lib/dpl_cc13x0/./DebugP_tirtos.om3g.dep" src="./DebugP_tirtos.c"/>
        <srcFile name="package/lib/lib/dpl_cc13x0/./HwiP_tirtos.om3g.dep" src="./HwiP_tirtos.c"/>
        <srcFile name="package/lib/lib/dpl_cc13x0/./MutexP_tirtos.om3g.dep" src="./MutexP_tirtos.c"/>
        <srcFile name="package/lib/lib/dpl_cc13x0/./SemaphoreP_tirtos.om3g.dep" src="./SemaphoreP_tirtos.c"/>
        <srcFile name="package/lib/lib/dpl_cc13x0/./SwiP_tirtos.om3g.dep" src="./SwiP_tirtos.c"/>
        <srcFile name="package/lib/lib/dpl_cc13x0/./SystemP_tirtos.om3g.dep" src="./SystemP_tirtos.c"/>
        <srcFile name="package/lib/lib/dpl_cc13x0/./PowerCC26XX_tirtos.om3g.dep" src="./PowerCC26XX_tirtos.c"/>
        <srcFile name="lib/dpl_cc26x0.aem3.mak" src="package.bld"/>
        <srcFile name="package/lib/lib/dpl_cc26x0/package/package_ti.dpl.oem3.dep" src="package/package_ti.dpl.c"/>
        <srcFile name="package/lib/lib/dpl_cc26x0/./ClockP_tirtos.oem3.dep" src="./ClockP_tirtos.c"/>
        <srcFile name="package/lib/lib/dpl_cc26x0/./DebugP_tirtos.oem3.dep" src="./DebugP_tirtos.c"/>
        <srcFile name="package/lib/lib/dpl_cc26x0/./HwiP_tirtos.oem3.dep" src="./HwiP_tirtos.c"/>
        <srcFile name="package/lib/lib/dpl_cc26x0/./MutexP_tirtos.oem3.dep" src="./MutexP_tirtos.c"/>
        <srcFile name="package/lib/lib/dpl_cc26x0/./SemaphoreP_tirtos.oem3.dep" src="./SemaphoreP_tirtos.c"/>
        <srcFile name="package/lib/lib/dpl_cc26x0/./SwiP_tirtos.oem3.dep" src="./SwiP_tirtos.c"/>
        <srcFile name="package/lib/lib/dpl_cc26x0/./SystemP_tirtos.oem3.dep" src="./SystemP_tirtos.c"/>
        <srcFile name="package/lib/lib/dpl_cc26x0/./PowerCC26XX_tirtos.oem3.dep" src="./PowerCC26XX_tirtos.c"/>
        <srcFile name="lib/dpl_cc26x0.arm3.mak" src="package.bld"/>
        <srcFile name="package/lib/lib/dpl_cc26x0/package/package_ti.dpl.orm3.dep" src="package/package_ti.dpl.c"/>
        <srcFile name="package/lib/lib/dpl_cc26x0/./ClockP_tirtos.orm3.dep" src="./ClockP_tirtos.c"/>
        <srcFile name="package/lib/lib/dpl_cc26x0/./DebugP_tirtos.orm3.dep" src="./DebugP_tirtos.c"/>
        <srcFile name="package/lib/lib/dpl_cc26x0/./HwiP_tirtos.orm3.dep" src="./HwiP_tirtos.c"/>
        <srcFile name="package/lib/lib/dpl_cc26x0/./MutexP_tirtos.orm3.dep" src="./MutexP_tirtos.c"/>
        <srcFile name="package/lib/lib/dpl_cc26x0/./SemaphoreP_tirtos.orm3.dep" src="./SemaphoreP_tirtos.c"/>
        <srcFile name="package/lib/lib/dpl_cc26x0/./SwiP_tirtos.orm3.dep" src="./SwiP_tirtos.c"/>
        <srcFile name="package/lib/lib/dpl_cc26x0/./SystemP_tirtos.orm3.dep" src="./SystemP_tirtos.c"/>
        <srcFile name="package/lib/lib/dpl_cc26x0/./PowerCC26XX_tirtos.orm3.dep" src="./PowerCC26XX_tirtos.c"/>
        <srcFile name="lib/dpl_cc26x0.am3g.mak" src="package.bld"/>
        <srcFile name="package/lib/lib/dpl_cc26x0/package/package_ti.dpl.om3g.dep" src="package/package_ti.dpl.c"/>
        <srcFile name="package/lib/lib/dpl_cc26x0/./ClockP_tirtos.om3g.dep" src="./ClockP_tirtos.c"/>
        <srcFile name="package/lib/lib/dpl_cc26x0/./DebugP_tirtos.om3g.dep" src="./DebugP_tirtos.c"/>
        <srcFile name="package/lib/lib/dpl_cc26x0/./HwiP_tirtos.om3g.dep" src="./HwiP_tirtos.c"/>
        <srcFile name="package/lib/lib/dpl_cc26x0/./MutexP_tirtos.om3g.dep" src="./MutexP_tirtos.c"/>
        <srcFile name="package/lib/lib/dpl_cc26x0/./SemaphoreP_tirtos.om3g.dep" src="./SemaphoreP_tirtos.c"/>
        <srcFile name="package/lib/lib/dpl_cc26x0/./SwiP_tirtos.om3g.dep" src="./SwiP_tirtos.c"/>
        <srcFile name="package/lib/lib/dpl_cc26x0/./SystemP_tirtos.om3g.dep" src="./SystemP_tirtos.c"/>
        <srcFile name="package/lib/lib/dpl_cc26x0/./PowerCC26XX_tirtos.om3g.dep" src="./PowerCC26XX_tirtos.c"/>
        <srcFile name="lib/dpl_cc26x0r2.aem3.mak" src="package.bld"/>
        <srcFile name="package/lib/lib/dpl_cc26x0r2/package/package_ti.dpl.oem3.dep" src="package/package_ti.dpl.c"/>
        <srcFile name="package/lib/lib/dpl_cc26x0r2/./ClockP_tirtos.oem3.dep" src="./ClockP_tirtos.c"/>
        <srcFile name="package/lib/lib/dpl_cc26x0r2/./DebugP_tirtos.oem3.dep" src="./DebugP_tirtos.c"/>
        <srcFile name="package/lib/lib/dpl_cc26x0r2/./HwiP_tirtos.oem3.dep" src="./HwiP_tirtos.c"/>
        <srcFile name="package/lib/lib/dpl_cc26x0r2/./MutexP_tirtos.oem3.dep" src="./MutexP_tirtos.c"/>
        <srcFile name="package/lib/lib/dpl_cc26x0r2/./SemaphoreP_tirtos.oem3.dep" src="./SemaphoreP_tirtos.c"/>
        <srcFile name="package/lib/lib/dpl_cc26x0r2/./SwiP_tirtos.oem3.dep" src="./SwiP_tirtos.c"/>
        <srcFile name="package/lib/lib/dpl_cc26x0r2/./SystemP_tirtos.oem3.dep" src="./SystemP_tirtos.c"/>
        <srcFile name="package/lib/lib/dpl_cc26x0r2/./PowerCC26XX_tirtos.oem3.dep" src="./PowerCC26XX_tirtos.c"/>
        <srcFile name="lib/dpl_cc26x0r2.arm3.mak" src="package.bld"/>
        <srcFile name="package/lib/lib/dpl_cc26x0r2/package/package_ti.dpl.orm3.dep" src="package/package_ti.dpl.c"/>
        <srcFile name="package/lib/lib/dpl_cc26x0r2/./ClockP_tirtos.orm3.dep" src="./ClockP_tirtos.c"/>
        <srcFile name="package/lib/lib/dpl_cc26x0r2/./DebugP_tirtos.orm3.dep" src="./DebugP_tirtos.c"/>
        <srcFile name="package/lib/lib/dpl_cc26x0r2/./HwiP_tirtos.orm3.dep" src="./HwiP_tirtos.c"/>
        <srcFile name="package/lib/lib/dpl_cc26x0r2/./MutexP_tirtos.orm3.dep" src="./MutexP_tirtos.c"/>
        <srcFile name="package/lib/lib/dpl_cc26x0r2/./SemaphoreP_tirtos.orm3.dep" src="./SemaphoreP_tirtos.c"/>
        <srcFile name="package/lib/lib/dpl_cc26x0r2/./SwiP_tirtos.orm3.dep" src="./SwiP_tirtos.c"/>
        <srcFile name="package/lib/lib/dpl_cc26x0r2/./SystemP_tirtos.orm3.dep" src="./SystemP_tirtos.c"/>
        <srcFile name="package/lib/lib/dpl_cc26x0r2/./PowerCC26XX_tirtos.orm3.dep" src="./PowerCC26XX_tirtos.c"/>
        <srcFile name="lib/dpl_cc26x0r2.am3g.mak" src="package.bld"/>
        <srcFile name="package/lib/lib/dpl_cc26x0r2/package/package_ti.dpl.om3g.dep" src="package/package_ti.dpl.c"/>
        <srcFile name="package/lib/lib/dpl_cc26x0r2/./ClockP_tirtos.om3g.dep" src="./ClockP_tirtos.c"/>
        <srcFile name="package/lib/lib/dpl_cc26x0r2/./DebugP_tirtos.om3g.dep" src="./DebugP_tirtos.c"/>
        <srcFile name="package/lib/lib/dpl_cc26x0r2/./HwiP_tirtos.om3g.dep" src="./HwiP_tirtos.c"/>
        <srcFile name="package/lib/lib/dpl_cc26x0r2/./MutexP_tirtos.om3g.dep" src="./MutexP_tirtos.c"/>
        <srcFile name="package/lib/lib/dpl_cc26x0r2/./SemaphoreP_tirtos.om3g.dep" src="./SemaphoreP_tirtos.c"/>
        <srcFile name="package/lib/lib/dpl_cc26x0r2/./SwiP_tirtos.om3g.dep" src="./SwiP_tirtos.c"/>
        <srcFile name="package/lib/lib/dpl_cc26x0r2/./SystemP_tirtos.om3g.dep" src="./SystemP_tirtos.c"/>
        <srcFile name="package/lib/lib/dpl_cc26x0r2/./PowerCC26XX_tirtos.om3g.dep" src="./PowerCC26XX_tirtos.c"/>
        <srcFile name="lib/dpl_cc13x2.aem4f.mak" src="package.bld"/>
        <srcFile name="package/lib/lib/dpl_cc13x2/package/package_ti.dpl.oem4f.dep" src="package/package_ti.dpl.c"/>
        <srcFile name="package/lib/lib/dpl_cc13x2/./ClockP_tirtos.oem4f.dep" src="./ClockP_tirtos.c"/>
        <srcFile name="package/lib/lib/dpl_cc13x2/./DebugP_tirtos.oem4f.dep" src="./DebugP_tirtos.c"/>
        <srcFile name="package/lib/lib/dpl_cc13x2/./HwiP_tirtos.oem4f.dep" src="./HwiP_tirtos.c"/>
        <srcFile name="package/lib/lib/dpl_cc13x2/./MutexP_tirtos.oem4f.dep" src="./MutexP_tirtos.c"/>
        <srcFile name="package/lib/lib/dpl_cc13x2/./SemaphoreP_tirtos.oem4f.dep" src="./SemaphoreP_tirtos.c"/>
        <srcFile name="package/lib/lib/dpl_cc13x2/./SwiP_tirtos.oem4f.dep" src="./SwiP_tirtos.c"/>
        <srcFile name="package/lib/lib/dpl_cc13x2/./SystemP_tirtos.oem4f.dep" src="./SystemP_tirtos.c"/>
        <srcFile name="package/lib/lib/dpl_cc13x2/./PowerCC26X2_tirtos.oem4f.dep" src="./PowerCC26X2_tirtos.c"/>
        <srcFile name="lib/dpl_cc13x2.am4fg.mak" src="package.bld"/>
        <srcFile name="package/lib/lib/dpl_cc13x2/package/package_ti.dpl.om4fg.dep" src="package/package_ti.dpl.c"/>
        <srcFile name="package/lib/lib/dpl_cc13x2/./ClockP_tirtos.om4fg.dep" src="./ClockP_tirtos.c"/>
        <srcFile name="package/lib/lib/dpl_cc13x2/./DebugP_tirtos.om4fg.dep" src="./DebugP_tirtos.c"/>
        <srcFile name="package/lib/lib/dpl_cc13x2/./HwiP_tirtos.om4fg.dep" src="./HwiP_tirtos.c"/>
        <srcFile name="package/lib/lib/dpl_cc13x2/./MutexP_tirtos.om4fg.dep" src="./MutexP_tirtos.c"/>
        <srcFile name="package/lib/lib/dpl_cc13x2/./SemaphoreP_tirtos.om4fg.dep" src="./SemaphoreP_tirtos.c"/>
        <srcFile name="package/lib/lib/dpl_cc13x2/./SwiP_tirtos.om4fg.dep" src="./SwiP_tirtos.c"/>
        <srcFile name="package/lib/lib/dpl_cc13x2/./SystemP_tirtos.om4fg.dep" src="./SystemP_tirtos.c"/>
        <srcFile name="package/lib/lib/dpl_cc13x2/./PowerCC26X2_tirtos.om4fg.dep" src="./PowerCC26X2_tirtos.c"/>
        <srcFile name="lib/dpl_cc13x2.arm4f.mak" src="package.bld"/>
        <srcFile name="package/lib/lib/dpl_cc13x2/package/package_ti.dpl.orm4f.dep" src="package/package_ti.dpl.c"/>
        <srcFile name="package/lib/lib/dpl_cc13x2/./ClockP_tirtos.orm4f.dep" src="./ClockP_tirtos.c"/>
        <srcFile name="package/lib/lib/dpl_cc13x2/./DebugP_tirtos.orm4f.dep" src="./DebugP_tirtos.c"/>
        <srcFile name="package/lib/lib/dpl_cc13x2/./HwiP_tirtos.orm4f.dep" src="./HwiP_tirtos.c"/>
        <srcFile name="package/lib/lib/dpl_cc13x2/./MutexP_tirtos.orm4f.dep" src="./MutexP_tirtos.c"/>
        <srcFile name="package/lib/lib/dpl_cc13x2/./SemaphoreP_tirtos.orm4f.dep" src="./SemaphoreP_tirtos.c"/>
        <srcFile name="package/lib/lib/dpl_cc13x2/./SwiP_tirtos.orm4f.dep" src="./SwiP_tirtos.c"/>
        <srcFile name="package/lib/lib/dpl_cc13x2/./SystemP_tirtos.orm4f.dep" src="./SystemP_tirtos.c"/>
        <srcFile name="package/lib/lib/dpl_cc13x2/./PowerCC26X2_tirtos.orm4f.dep" src="./PowerCC26X2_tirtos.c"/>
        <srcFile name="lib/dpl_cc26x2.aem4f.mak" src="package.bld"/>
        <srcFile name="package/lib/lib/dpl_cc26x2/package/package_ti.dpl.oem4f.dep" src="package/package_ti.dpl.c"/>
        <srcFile name="package/lib/lib/dpl_cc26x2/./ClockP_tirtos.oem4f.dep" src="./ClockP_tirtos.c"/>
        <srcFile name="package/lib/lib/dpl_cc26x2/./DebugP_tirtos.oem4f.dep" src="./DebugP_tirtos.c"/>
        <srcFile name="package/lib/lib/dpl_cc26x2/./HwiP_tirtos.oem4f.dep" src="./HwiP_tirtos.c"/>
        <srcFile name="package/lib/lib/dpl_cc26x2/./MutexP_tirtos.oem4f.dep" src="./MutexP_tirtos.c"/>
        <srcFile name="package/lib/lib/dpl_cc26x2/./SemaphoreP_tirtos.oem4f.dep" src="./SemaphoreP_tirtos.c"/>
        <srcFile name="package/lib/lib/dpl_cc26x2/./SwiP_tirtos.oem4f.dep" src="./SwiP_tirtos.c"/>
        <srcFile name="package/lib/lib/dpl_cc26x2/./SystemP_tirtos.oem4f.dep" src="./SystemP_tirtos.c"/>
        <srcFile name="package/lib/lib/dpl_cc26x2/./PowerCC26X2_tirtos.oem4f.dep" src="./PowerCC26X2_tirtos.c"/>
        <srcFile name="lib/dpl_cc26x2.am4fg.mak" src="package.bld"/>
        <srcFile name="package/lib/lib/dpl_cc26x2/package/package_ti.dpl.om4fg.dep" src="package/package_ti.dpl.c"/>
        <srcFile name="package/lib/lib/dpl_cc26x2/./ClockP_tirtos.om4fg.dep" src="./ClockP_tirtos.c"/>
        <srcFile name="package/lib/lib/dpl_cc26x2/./DebugP_tirtos.om4fg.dep" src="./DebugP_tirtos.c"/>
        <srcFile name="package/lib/lib/dpl_cc26x2/./HwiP_tirtos.om4fg.dep" src="./HwiP_tirtos.c"/>
        <srcFile name="package/lib/lib/dpl_cc26x2/./MutexP_tirtos.om4fg.dep" src="./MutexP_tirtos.c"/>
        <srcFile name="package/lib/lib/dpl_cc26x2/./SemaphoreP_tirtos.om4fg.dep" src="./SemaphoreP_tirtos.c"/>
        <srcFile name="package/lib/lib/dpl_cc26x2/./SwiP_tirtos.om4fg.dep" src="./SwiP_tirtos.c"/>
        <srcFile name="package/lib/lib/dpl_cc26x2/./SystemP_tirtos.om4fg.dep" src="./SystemP_tirtos.c"/>
        <srcFile name="package/lib/lib/dpl_cc26x2/./PowerCC26X2_tirtos.om4fg.dep" src="./PowerCC26X2_tirtos.c"/>
        <srcFile name="lib/dpl_cc26x2.arm4f.mak" src="package.bld"/>
        <srcFile name="package/lib/lib/dpl_cc26x2/package/package_ti.dpl.orm4f.dep" src="package/package_ti.dpl.c"/>
        <srcFile name="package/lib/lib/dpl_cc26x2/./ClockP_tirtos.orm4f.dep" src="./ClockP_tirtos.c"/>
        <srcFile name="package/lib/lib/dpl_cc26x2/./DebugP_tirtos.orm4f.dep" src="./DebugP_tirtos.c"/>
        <srcFile name="package/lib/lib/dpl_cc26x2/./HwiP_tirtos.orm4f.dep" src="./HwiP_tirtos.c"/>
        <srcFile name="package/lib/lib/dpl_cc26x2/./MutexP_tirtos.orm4f.dep" src="./MutexP_tirtos.c"/>
        <srcFile name="package/lib/lib/dpl_cc26x2/./SemaphoreP_tirtos.orm4f.dep" src="./SemaphoreP_tirtos.c"/>
        <srcFile name="package/lib/lib/dpl_cc26x2/./SwiP_tirtos.orm4f.dep" src="./SwiP_tirtos.c"/>
        <srcFile name="package/lib/lib/dpl_cc26x2/./SystemP_tirtos.orm4f.dep" src="./SystemP_tirtos.c"/>
        <srcFile name="package/lib/lib/dpl_cc26x2/./PowerCC26X2_tirtos.orm4f.dep" src="./PowerCC26X2_tirtos.c"/>
        <srcFile name="package/rel/ti_dpl.tar.dep" src="package/rel/ti_dpl.xdc.inc"/>
    </makefiles>
    <targets>
        <target name="ti.targets.arm.elf.M3"
            version="ti.targets.arm.elf.M3{1,0,16.9,4"
            rawVersion="16.9.4"
            platform="ti.platforms.simCM3"
            isa="v7M"
            suffix="em3"
            rootDir="/db/vendors/ti/arm/16.9.4.LTS/Linux"
            os="undefined"
            rts="ti.targets.arm.rtsarm">
            <model endian="little"
                codeModel="thumb2"
                dataModel="undefined"/>
        </target>
        <target name="iar.targets.arm.M3"
            version="iar.targets.arm.M3{1,0,8.11,1"
            rawVersion="8.11.1.47"
            platform="ti.platforms.tiva:TM4C1294NCPDT:1"
            isa="v7M"
            suffix="rm3"
            rootDir="/db/vendors/iar/arm/8.11.1.47/Linux"
            os="undefined"
            rts="iar.targets.arm.rts">
            <model endian="little"
                codeModel="thumb2"
                dataModel="undefined"/>
        </target>
        <target name="gnu.targets.arm.M3"
            version="gnu.targets.arm.M3{1,0,6.3,1"
            rawVersion="6.3.1"
            platform="ti.platforms.tiva:TM4C1294NCPDT"
            isa="v7M"
            suffix="m3g"
            rootDir="/db/vendors/linaro/gcc-arm-none-eabi-6-2017-q1-update"
            os="undefined"
            rts="gnu.targets.arm.rtsv7M">
            <model endian="little"
                codeModel="thumb2"
                dataModel="undefined"/>
        </target>
        <target name="ti.targets.arm.elf.M4F"
            version="ti.targets.arm.elf.M4F{1,0,16.9,4"
            rawVersion="16.9.4"
            platform="ti.platforms.tiva:TM4C1294NCPDT:1"
            isa="v7M4"
            suffix="em4f"
            rootDir="/db/vendors/ti/arm/16.9.4.LTS/Linux"
            os="undefined"
            rts="ti.targets.arm.rtsarm">
            <model endian="little"
                codeModel="thumb2"
                dataModel="undefined"/>
        </target>
        <target name="gnu.targets.arm.M4F"
            version="gnu.targets.arm.M4F{1,0,6.3,1"
            rawVersion="6.3.1"
            platform="ti.platforms.tiva:TM4C1294NCPDT"
            isa="v7M4"
            suffix="m4fg"
            rootDir="/db/vendors/linaro/gcc-arm-none-eabi-6-2017-q1-update"
            os="undefined"
            rts="gnu.targets.arm.rtsv7M">
            <model endian="little"
                codeModel="thumb2"
                dataModel="undefined"/>
        </target>
        <target name="iar.targets.arm.M4F"
            version="iar.targets.arm.M4F{1,0,8.11,1"
            rawVersion="8.11.1.47"
            platform="ti.platforms.tiva:TM4C1294NCPDT:1"
            isa="v7M4"
            suffix="rm4f"
            rootDir="/db/vendors/iar/arm/8.11.1.47/Linux"
            os="undefined"
            rts="iar.targets.arm.rts">
            <model endian="little"
                codeModel="thumb2"
                dataModel="undefined"/>
        </target>
    </targets>
    <libraries>
    <library name="lib/dpl_cc13x0"
        pname="lib/dpl_cc13x0.aem3"
        profile="release"
        target="ti.targets.arm.elf.M3"/>
    <library name="lib/dpl_cc13x0"
        pname="lib/dpl_cc13x0.arm3"
        profile="release"
        target="iar.targets.arm.M3"/>
    <library name="lib/dpl_cc13x0"
        pname="lib/dpl_cc13x0.am3g"
        profile="release"
        target="gnu.targets.arm.M3"/>
    <library name="lib/dpl_cc26x0"
        pname="lib/dpl_cc26x0.aem3"
        profile="release"
        target="ti.targets.arm.elf.M3"/>
    <library name="lib/dpl_cc26x0"
        pname="lib/dpl_cc26x0.arm3"
        profile="release"
        target="iar.targets.arm.M3"/>
    <library name="lib/dpl_cc26x0"
        pname="lib/dpl_cc26x0.am3g"
        profile="release"
        target="gnu.targets.arm.M3"/>
    <library name="lib/dpl_cc26x0r2"
        pname="lib/dpl_cc26x0r2.aem3"
        profile="release"
        target="ti.targets.arm.elf.M3"/>
    <library name="lib/dpl_cc26x0r2"
        pname="lib/dpl_cc26x0r2.arm3"
        profile="release"
        target="iar.targets.arm.M3"/>
    <library name="lib/dpl_cc26x0r2"
        pname="lib/dpl_cc26x0r2.am3g"
        profile="release"
        target="gnu.targets.arm.M3"/>
    <library name="lib/dpl_cc13x2"
        pname="lib/dpl_cc13x2.aem4f"
        profile="release"
        target="ti.targets.arm.elf.M4F"/>
    <library name="lib/dpl_cc13x2"
        pname="lib/dpl_cc13x2.am4fg"
        profile="release"
        target="gnu.targets.arm.M4F"/>
    <library name="lib/dpl_cc13x2"
        pname="lib/dpl_cc13x2.arm4f"
        profile="release"
        target="iar.targets.arm.M4F"/>
    <library name="lib/dpl_cc26x2"
        pname="lib/dpl_cc26x2.aem4f"
        profile="release"
        target="ti.targets.arm.elf.M4F"/>
    <library name="lib/dpl_cc26x2"
        pname="lib/dpl_cc26x2.am4fg"
        profile="release"
        target="gnu.targets.arm.M4F"/>
    <library name="lib/dpl_cc26x2"
        pname="lib/dpl_cc26x2.arm4f"
        profile="release"
        target="iar.targets.arm.M4F"/>
    </libraries>
    <configurations>
    </configurations>
    <executables>
    </executables>
    <tests>
    </tests>
    <releases relDir="package/rel/">
    <release name="ti_dpl"
        pname="../../../../../exports/ti_dpl.tar"
        label="default"
    >
        <file name="package/package.bld.xml"/>
        <file name="package/build.cfg"/>
        <file name="package/package.xdc.inc"/>
        <file name="package.bld"/>
        <file name="package/package.cfg.xdc.inc"/>
        <file name="lib/dpl_cc13x0.aem3"/>
        <file name="package/package_ti.dpl.c"/>
        <file name="./ClockP_tirtos.c"/>
        <file name="./DebugP_tirtos.c"/>
        <file name="./HwiP_tirtos.c"/>
        <file name="./MutexP_tirtos.c"/>
        <file name="./SemaphoreP_tirtos.c"/>
        <file name="./SwiP_tirtos.c"/>
        <file name="./SystemP_tirtos.c"/>
        <file name="./PowerCC26XX_tirtos.c"/>
        <file name="lib/dpl_cc13x0.arm3"/>
        <file name="lib/dpl_cc13x0.am3g"/>
        <file name="lib/dpl_cc26x0.aem3"/>
        <file name="lib/dpl_cc26x0.arm3"/>
        <file name="lib/dpl_cc26x0.am3g"/>
        <file name="lib/dpl_cc26x0r2.aem3"/>
        <file name="lib/dpl_cc26x0r2.arm3"/>
        <file name="lib/dpl_cc26x0r2.am3g"/>
        <file name="lib/dpl_cc13x2.aem4f"/>
        <file name="./PowerCC26X2_tirtos.c"/>
        <file name="lib/dpl_cc13x2.am4fg"/>
        <file name="lib/dpl_cc13x2.arm4f"/>
        <file name="lib/dpl_cc26x2.aem4f"/>
        <file name="lib/dpl_cc26x2.am4fg"/>
        <file name="lib/dpl_cc26x2.arm4f"/>
    </release>
    </releases>
    <repositories>
    </repositories>
</package>
