<?xml version="1.0" encoding="UTF-8" standalone="no"?>

<gep name="Cache" title="Portable Cache Manager" version="1">

<page name="Module" title="Module Settings">
<html><body><table>
  <tr>
      <td><form>
          <p>The Cache module provides generic cache management APIs common to all devices that support cache.</p>
          <p></p>
      </form></td>
  </tr>
  <tr>
    <td><control type="checkbox" label="Add the portable Cache module to my configuration" value="value:this.$used" bold="true"/></td>
  </tr>
  <tr></tr>    
  <tr>
    <td><control type="hyperlink" link="value:ti.sysbios.family.Settings.cacheDelegate" label="Device-specific Cache support"/></td>
  </tr>
</table></body></html>
</page>
</gep>

