<?xml version="1.0" encoding="UTF-8" standalone="no"?>

<gep name="Hwi" title="Portable Hardware Interrupts" version="1">

<page name="Module" title="Module Settings">
<html><body><table>
  <tr>
      <td><form>
        <p>The Hwi module provides a portable interface to define and synchronize with hardware interrupt service routines.  Application code that restricts itself to using this module for hardware interrupt synchronization can be used without change in any SYS/BIOS supported system.</p>
        <p></p>
      </form></td>
  </tr>
  <tr>
    <td><control type="checkbox" label="Add the portable Hwi management module to my configuration" value="value:this.$used" bold="true"/></td>
  </tr>
  <tr></tr>
  <tr>
    <td><control type="hyperlink" link="value:ti.sysbios.family.Settings.hwiDelegate" label="Device-specific Hwi Support"/></td>
  </tr>
  <tr></tr>  
  <tr><td>
    <h1>Dispatcher</h1>
    <table>
      <tr>
        <td><control type="checkbox" 
             enabled="value:this.$used"
             label="Enable interrupt nesting"
             value="value:this.dispatcherAutoNestingSupport" 
             tooltip="value:this.dispatcherAutoNestingSupport.$summary"/></td>
      </tr>
      <tr>
        <td><control type="checkbox" 
             enabled="value:this.$used"
             label="Enable software interrupt support"
             value="value:this.dispatcherSwiSupport" 
             tooltip="value:this.dispatcherSwiSupport.$summary"/></td>
      </tr>
      <tr>
        <td><control type="checkbox" 
             enabled="value:this.$used"
             label="Enable Task support"
             value="value:this.dispatcherTaskSupport" 
             tooltip="value:this.dispatcherTaskSupport.$summary"/></td>
      </tr>
      <tr>
        <td><control type="checkbox" 
             enabled="value:this.$used"
             label="Enable IRP tracking"
             value="value:this.dispatcherIrpTrackingSupport" 
             tooltip="value:this.dispatcherIrpTrackingSupport.$summary"/></td>
      </tr>
    </table>
  </td>
  <td>
    <h1>Stack Management</h1>
    <table>
      <tr>
        <td><control type="checkbox" 
             enabled="value:this.$used"
             label="Initialize stack"
             value="value:this.initStackFlag" 
             tooltip="value:this.initStackFlag.$summary"/></td>
      </tr>
      <tr>
        <td><control type="checkbox" 
             label="Check for stack overflow"
             enabled="value:this.initStackFlag" 
             value="value:this.checkStackFlag" 
             tooltip="value:this.checkStackFlag.$summary"/></td>
      </tr>
    </table>
  </td></tr>
</table></body></html>
</page>

<page name="Instance" title="Instance Settings" DPI="10">
<html><body><table>
  <tr>
    <td>
      <h1>Portable Hwis</h1>
      <table><tr>
        <td><control type="listbox" sort="true" id="master" text="value:this.$activeInstance" width="10" height="15" align="fill" labels="value:this"/></td>
        <td>
          <control type="pushbutton" label="Add ..." align="fill" link="action:New"/>
          <control type="pushbutton" label="Remove" align="fill" link="action:Delete" context="value:widget.master.selection"/>
        </td>
      </tr></table>
    </td>
    <td context="value:widget.master.selection">
      <h1>Required Settings</h1>
      <table>
        <tr>
          <td><control type="label" label="Handle" align="left"/></td>
          <td><control type="editbox" 
               value="value:this.instance.name"
               tooltip="Handle name"/></td>
        </tr>
        <tr>
          <td><control type="label" label="ISR function" align="left"/></td>
          <td><control type="editbox" 
               value="value:this.create.hwiFxn"
               tooltip="value:this.create.hwiFxn.$summary"/></td>
        </tr>
        <tr>
          <td><control type="label" label="Interrupt number" align="left"/></td>
          <td><control type="editbox" 
               value="value:this.create.intNum"
               tooltip="value:this.create.intNum.$summary"/></td>
        </tr>
      </table>
      <h1>Additional Settings</h1>
      <table>
        <tr>
          <td><control type="label" label="Argument passed to ISR function" align="left"/></td>
          <td><control type="editbox"
               value="value:this.arg"
               tooltip="value:this.arg.$summary"/></td>
        </tr>
        <tr>
          <td><control type="label" label="Interrupt priority" align="left"/></td>
          <td><control type="editbox"
               value="value:this.priority"
               tooltip="value:this.priority.$summary"/></td>
        </tr>
        <tr>
          <td><control type="label" label="Event Id" align="left"/></td>
          <td><control type="editbox"
               value="value:this.eventId"
               tooltip="value:this.eventId.$summary"/></td>
        </tr>
        <tr>
          <td colspan="2"><control type="checkbox" align="left"
             label="Enable at startup"
             value="value:this.enableInt" 
             tooltip="value:this.enableInt.$summary"/></td>
        </tr>
        <tr>
          <td><control type="label" label="Masking options" align="left"/></td>
          <td><control type="droplist"
               value="value:this.maskSetting"
               tooltip="value:this.maskSetting.$summary"/></td>
        </tr>
      </table>
    </td>
  </tr>
</table></body></html>
</page>
<properties name="Advanced" title="All Options" enabled="true" visible="true" link="this"/>
</gep>

