<?xml version="1.0" encoding="UTF-8"?>
<!--  This file conforms to the DTD xdc/bld/build.dtd -->
<package name="ti.sysbios.family.arm.lm4" version="1, 0, 0, 0" producerId="undefined">
    <units>
        <module name="Seconds"/>
        <module name="TimestampProvider"/>
        <module name="Timer"/>
    </units>
    <sources>
        <srcFile name="package/package_ti.sysbios.family.arm.lm4.c"/>
        <srcFile name="Seconds.c"/>
        <srcFile name="Timer.c"/>
        <srcFile name="TimestampProvider.c"/>
    </sources>
    <configscripts>
    </configscripts>
    <makefiles>
        <srcFile name="package.mak" src="package.bld"/>
        <srcFile name="package/package.xdc.dep" src="package.xdc"/>
        <srcFile name="package/package.cfg.dep" src="package.xdc"/>
        <srcFile name="lib/sysbios/debug/ti.sysbios.family.arm.lm4.aem4f.mak" src="package.bld"/>
        <srcFile name="package/lib/lib/sysbios/debug/ti.sysbios.family.arm.lm4/package/package_ti.sysbios.family.arm.lm4.oem4f.dep" src="package/package_ti.sysbios.family.arm.lm4.c"/>
        <srcFile name="package/lib/lib/sysbios/debug/ti.sysbios.family.arm.lm4/Seconds.oem4f.dep" src="Seconds.c"/>
        <srcFile name="package/lib/lib/sysbios/debug/ti.sysbios.family.arm.lm4/Timer.oem4f.dep" src="Timer.c"/>
        <srcFile name="package/lib/lib/sysbios/debug/ti.sysbios.family.arm.lm4/TimestampProvider.oem4f.dep" src="TimestampProvider.c"/>
        <srcFile name="lib/sysbios/debug/ti.sysbios.family.arm.lm4.am4fg.mak" src="package.bld"/>
        <srcFile name="package/lib/lib/sysbios/debug/ti.sysbios.family.arm.lm4/package/package_ti.sysbios.family.arm.lm4.om4fg.dep" src="package/package_ti.sysbios.family.arm.lm4.c"/>
        <srcFile name="package/lib/lib/sysbios/debug/ti.sysbios.family.arm.lm4/Seconds.om4fg.dep" src="Seconds.c"/>
        <srcFile name="package/lib/lib/sysbios/debug/ti.sysbios.family.arm.lm4/Timer.om4fg.dep" src="Timer.c"/>
        <srcFile name="package/lib/lib/sysbios/debug/ti.sysbios.family.arm.lm4/TimestampProvider.om4fg.dep" src="TimestampProvider.c"/>
        <srcFile name="lib/sysbios/debug/ti.sysbios.family.arm.lm4.arm4f.mak" src="package.bld"/>
        <srcFile name="package/lib/lib/sysbios/debug/ti.sysbios.family.arm.lm4/package/package_ti.sysbios.family.arm.lm4.orm4f.dep" src="package/package_ti.sysbios.family.arm.lm4.c"/>
        <srcFile name="package/lib/lib/sysbios/debug/ti.sysbios.family.arm.lm4/Seconds.orm4f.dep" src="Seconds.c"/>
        <srcFile name="package/lib/lib/sysbios/debug/ti.sysbios.family.arm.lm4/Timer.orm4f.dep" src="Timer.c"/>
        <srcFile name="package/lib/lib/sysbios/debug/ti.sysbios.family.arm.lm4/TimestampProvider.orm4f.dep" src="TimestampProvider.c"/>
        <srcFile name="package/rel/ti_sysbios_family_arm_lm4.tar.dep" src="package/rel/ti_sysbios_family_arm_lm4.xdc.inc"/>
    </makefiles>
    <targets>
        <target name="ti.targets.arm.elf.M4F"
            version="ti.targets.arm.elf.M4F{1,0,16.9,4"
            rawVersion="16.9.4"
            platform="ti.platforms.tiva:TM4C1294NCPDT:1"
            isa="v7M4"
            suffix="em4f"
            rootDir="/db/vendors/ti/arm/16.9.4.LTS/Linux"
            os="undefined"
            rts="ti.targets.arm.rtsarm">
            <model endian="little"
                codeModel="thumb2"
                dataModel="undefined"/>
        </target>
        <target name="gnu.targets.arm.M4F"
            version="gnu.targets.arm.M4F{1,0,6.3,1"
            rawVersion="6.3.1"
            platform="ti.platforms.tiva:TM4C1294NCPDT"
            isa="v7M4"
            suffix="m4fg"
            rootDir="/db/vendors/linaro/gcc-arm-none-eabi-6-2017-q1-update"
            os="undefined"
            rts="gnu.targets.arm.rtsv7M">
            <model endian="little"
                codeModel="thumb2"
                dataModel="undefined"/>
        </target>
        <target name="iar.targets.arm.M4F"
            version="iar.targets.arm.M4F{1,0,8.11,1"
            rawVersion="8.11.1.47"
            platform="ti.platforms.tiva:TM4C1294NCPDT:1"
            isa="v7M4"
            suffix="rm4f"
            rootDir="/db/vendors/iar/arm/8.11.1.47/Linux"
            os="undefined"
            rts="iar.targets.arm.rts">
            <model endian="little"
                codeModel="thumb2"
                dataModel="undefined"/>
        </target>
    </targets>
    <libraries>
    <library name="lib/sysbios/debug/ti.sysbios.family.arm.lm4"
        pname="lib/sysbios/debug/ti.sysbios.family.arm.lm4.aem4f"
        profile="debug"
        target="ti.targets.arm.elf.M4F"/>
    <library name="lib/sysbios/debug/ti.sysbios.family.arm.lm4"
        pname="lib/sysbios/debug/ti.sysbios.family.arm.lm4.am4fg"
        profile="debug"
        target="gnu.targets.arm.M4F"/>
    <library name="lib/sysbios/debug/ti.sysbios.family.arm.lm4"
        pname="lib/sysbios/debug/ti.sysbios.family.arm.lm4.arm4f"
        profile="debug"
        target="iar.targets.arm.M4F"/>
    </libraries>
    <configurations>
    </configurations>
    <executables>
    </executables>
    <tests>
    </tests>
    <releases relDir="package/rel/">
    <release name="ti_sysbios_family_arm_lm4"
        pname="ti_sysbios_family_arm_lm4.tar"
        label="default"
        relScript="ti/sysbios/libFilter.xs">
        <file name="package/package.bld.xml"/>
        <file name="package/build.cfg"/>
        <file name="package/package.xdc.inc"/>
        <file name="package.bld"/>
        <file name="Timer.xml"/>
        <file name="TimestampProvider.xml"/>
        <file name="package/package.cfg.xdc.inc"/>
        <file name="lib/sysbios/debug/ti.sysbios.family.arm.lm4.aem4f"/>
        <file name="package/package_ti.sysbios.family.arm.lm4.c"/>
        <file name="Seconds.c"/>
        <file name="Timer.c"/>
        <file name="TimestampProvider.c"/>
        <file name="lib/sysbios/debug/ti.sysbios.family.arm.lm4.am4fg"/>
        <file name="lib/sysbios/debug/ti.sysbios.family.arm.lm4.arm4f"/>
    </release>
    </releases>
    <repositories>
    </repositories>
</package>
