<?xml version="1.0" encoding="UTF-8"?>
<!--  This file conforms to the DTD xdc/bld/build.dtd -->
<package name="ti.sysbios.gates" version="2, 0, 0, 0" producerId="undefined">
    <units>
        <module name="GateHwi"/>
        <module name="GateAll"/>
        <module name="GateSwi"/>
        <module name="GateTask"/>
        <module name="GateTest"/>
        <module name="GateMutexPri"/>
        <module name="GateMutex"/>
        <module name="GateSpinlock"/>
    </units>
    <sources>
        <srcFile name="package/package_ti.sysbios.gates.c"/>
        <srcFile name="GateHwi.c"/>
        <srcFile name="GateAll.c"/>
        <srcFile name="GateSwi.c"/>
        <srcFile name="GateTask.c"/>
        <srcFile name="GateTest.c"/>
        <srcFile name="GateMutex.c"/>
        <srcFile name="GateMutexPri.c"/>
        <srcFile name="GateSpinlock.c"/>
    </sources>
    <configscripts>
    </configscripts>
    <makefiles>
        <srcFile name="package.mak" src="package.bld"/>
        <srcFile name="package/package.xdc.dep" src="package.xdc"/>
        <srcFile name="package/package.cfg.dep" src="package.xdc"/>
        <srcFile name="lib/sysbios/debug/ti.sysbios.gates.aem3.mak" src="package.bld"/>
        <srcFile name="package/lib/lib/sysbios/debug/ti.sysbios.gates/package/package_ti.sysbios.gates.oem3.dep" src="package/package_ti.sysbios.gates.c"/>
        <srcFile name="package/lib/lib/sysbios/debug/ti.sysbios.gates/GateHwi.oem3.dep" src="GateHwi.c"/>
        <srcFile name="package/lib/lib/sysbios/debug/ti.sysbios.gates/GateAll.oem3.dep" src="GateAll.c"/>
        <srcFile name="package/lib/lib/sysbios/debug/ti.sysbios.gates/GateSwi.oem3.dep" src="GateSwi.c"/>
        <srcFile name="package/lib/lib/sysbios/debug/ti.sysbios.gates/GateTask.oem3.dep" src="GateTask.c"/>
        <srcFile name="package/lib/lib/sysbios/debug/ti.sysbios.gates/GateTest.oem3.dep" src="GateTest.c"/>
        <srcFile name="package/lib/lib/sysbios/debug/ti.sysbios.gates/GateMutex.oem3.dep" src="GateMutex.c"/>
        <srcFile name="package/lib/lib/sysbios/debug/ti.sysbios.gates/GateMutexPri.oem3.dep" src="GateMutexPri.c"/>
        <srcFile name="package/lib/lib/sysbios/debug/ti.sysbios.gates/GateSpinlock.oem3.dep" src="GateSpinlock.c"/>
        <srcFile name="lib/sysbios/debug/ti.sysbios.gates.am3g.mak" src="package.bld"/>
        <srcFile name="package/lib/lib/sysbios/debug/ti.sysbios.gates/package/package_ti.sysbios.gates.om3g.dep" src="package/package_ti.sysbios.gates.c"/>
        <srcFile name="package/lib/lib/sysbios/debug/ti.sysbios.gates/GateHwi.om3g.dep" src="GateHwi.c"/>
        <srcFile name="package/lib/lib/sysbios/debug/ti.sysbios.gates/GateAll.om3g.dep" src="GateAll.c"/>
        <srcFile name="package/lib/lib/sysbios/debug/ti.sysbios.gates/GateSwi.om3g.dep" src="GateSwi.c"/>
        <srcFile name="package/lib/lib/sysbios/debug/ti.sysbios.gates/GateTask.om3g.dep" src="GateTask.c"/>
        <srcFile name="package/lib/lib/sysbios/debug/ti.sysbios.gates/GateTest.om3g.dep" src="GateTest.c"/>
        <srcFile name="package/lib/lib/sysbios/debug/ti.sysbios.gates/GateMutex.om3g.dep" src="GateMutex.c"/>
        <srcFile name="package/lib/lib/sysbios/debug/ti.sysbios.gates/GateMutexPri.om3g.dep" src="GateMutexPri.c"/>
        <srcFile name="package/lib/lib/sysbios/debug/ti.sysbios.gates/GateSpinlock.om3g.dep" src="GateSpinlock.c"/>
        <srcFile name="lib/sysbios/debug/ti.sysbios.gates.arm3.mak" src="package.bld"/>
        <srcFile name="package/lib/lib/sysbios/debug/ti.sysbios.gates/package/package_ti.sysbios.gates.orm3.dep" src="package/package_ti.sysbios.gates.c"/>
        <srcFile name="package/lib/lib/sysbios/debug/ti.sysbios.gates/GateHwi.orm3.dep" src="GateHwi.c"/>
        <srcFile name="package/lib/lib/sysbios/debug/ti.sysbios.gates/GateAll.orm3.dep" src="GateAll.c"/>
        <srcFile name="package/lib/lib/sysbios/debug/ti.sysbios.gates/GateSwi.orm3.dep" src="GateSwi.c"/>
        <srcFile name="package/lib/lib/sysbios/debug/ti.sysbios.gates/GateTask.orm3.dep" src="GateTask.c"/>
        <srcFile name="package/lib/lib/sysbios/debug/ti.sysbios.gates/GateTest.orm3.dep" src="GateTest.c"/>
        <srcFile name="package/lib/lib/sysbios/debug/ti.sysbios.gates/GateMutex.orm3.dep" src="GateMutex.c"/>
        <srcFile name="package/lib/lib/sysbios/debug/ti.sysbios.gates/GateMutexPri.orm3.dep" src="GateMutexPri.c"/>
        <srcFile name="package/lib/lib/sysbios/debug/ti.sysbios.gates/GateSpinlock.orm3.dep" src="GateSpinlock.c"/>
        <srcFile name="lib/sysbios/debug/ti.sysbios.gates.aem4f.mak" src="package.bld"/>
        <srcFile name="package/lib/lib/sysbios/debug/ti.sysbios.gates/package/package_ti.sysbios.gates.oem4f.dep" src="package/package_ti.sysbios.gates.c"/>
        <srcFile name="package/lib/lib/sysbios/debug/ti.sysbios.gates/GateHwi.oem4f.dep" src="GateHwi.c"/>
        <srcFile name="package/lib/lib/sysbios/debug/ti.sysbios.gates/GateAll.oem4f.dep" src="GateAll.c"/>
        <srcFile name="package/lib/lib/sysbios/debug/ti.sysbios.gates/GateSwi.oem4f.dep" src="GateSwi.c"/>
        <srcFile name="package/lib/lib/sysbios/debug/ti.sysbios.gates/GateTask.oem4f.dep" src="GateTask.c"/>
        <srcFile name="package/lib/lib/sysbios/debug/ti.sysbios.gates/GateTest.oem4f.dep" src="GateTest.c"/>
        <srcFile name="package/lib/lib/sysbios/debug/ti.sysbios.gates/GateMutex.oem4f.dep" src="GateMutex.c"/>
        <srcFile name="package/lib/lib/sysbios/debug/ti.sysbios.gates/GateMutexPri.oem4f.dep" src="GateMutexPri.c"/>
        <srcFile name="package/lib/lib/sysbios/debug/ti.sysbios.gates/GateSpinlock.oem4f.dep" src="GateSpinlock.c"/>
        <srcFile name="lib/sysbios/debug/ti.sysbios.gates.am4fg.mak" src="package.bld"/>
        <srcFile name="package/lib/lib/sysbios/debug/ti.sysbios.gates/package/package_ti.sysbios.gates.om4fg.dep" src="package/package_ti.sysbios.gates.c"/>
        <srcFile name="package/lib/lib/sysbios/debug/ti.sysbios.gates/GateHwi.om4fg.dep" src="GateHwi.c"/>
        <srcFile name="package/lib/lib/sysbios/debug/ti.sysbios.gates/GateAll.om4fg.dep" src="GateAll.c"/>
        <srcFile name="package/lib/lib/sysbios/debug/ti.sysbios.gates/GateSwi.om4fg.dep" src="GateSwi.c"/>
        <srcFile name="package/lib/lib/sysbios/debug/ti.sysbios.gates/GateTask.om4fg.dep" src="GateTask.c"/>
        <srcFile name="package/lib/lib/sysbios/debug/ti.sysbios.gates/GateTest.om4fg.dep" src="GateTest.c"/>
        <srcFile name="package/lib/lib/sysbios/debug/ti.sysbios.gates/GateMutex.om4fg.dep" src="GateMutex.c"/>
        <srcFile name="package/lib/lib/sysbios/debug/ti.sysbios.gates/GateMutexPri.om4fg.dep" src="GateMutexPri.c"/>
        <srcFile name="package/lib/lib/sysbios/debug/ti.sysbios.gates/GateSpinlock.om4fg.dep" src="GateSpinlock.c"/>
        <srcFile name="lib/sysbios/debug/ti.sysbios.gates.arm4f.mak" src="package.bld"/>
        <srcFile name="package/lib/lib/sysbios/debug/ti.sysbios.gates/package/package_ti.sysbios.gates.orm4f.dep" src="package/package_ti.sysbios.gates.c"/>
        <srcFile name="package/lib/lib/sysbios/debug/ti.sysbios.gates/GateHwi.orm4f.dep" src="GateHwi.c"/>
        <srcFile name="package/lib/lib/sysbios/debug/ti.sysbios.gates/GateAll.orm4f.dep" src="GateAll.c"/>
        <srcFile name="package/lib/lib/sysbios/debug/ti.sysbios.gates/GateSwi.orm4f.dep" src="GateSwi.c"/>
        <srcFile name="package/lib/lib/sysbios/debug/ti.sysbios.gates/GateTask.orm4f.dep" src="GateTask.c"/>
        <srcFile name="package/lib/lib/sysbios/debug/ti.sysbios.gates/GateTest.orm4f.dep" src="GateTest.c"/>
        <srcFile name="package/lib/lib/sysbios/debug/ti.sysbios.gates/GateMutex.orm4f.dep" src="GateMutex.c"/>
        <srcFile name="package/lib/lib/sysbios/debug/ti.sysbios.gates/GateMutexPri.orm4f.dep" src="GateMutexPri.c"/>
        <srcFile name="package/lib/lib/sysbios/debug/ti.sysbios.gates/GateSpinlock.orm4f.dep" src="GateSpinlock.c"/>
        <srcFile name="package/rel/ti_sysbios_gates.tar.dep" src="package/rel/ti_sysbios_gates.xdc.inc"/>
    </makefiles>
    <targets>
        <target name="ti.targets.arm.elf.M3"
            version="ti.targets.arm.elf.M3{1,0,16.9,4"
            rawVersion="16.9.4"
            platform="ti.platforms.simCM3"
            isa="v7M"
            suffix="em3"
            rootDir="/db/vendors/ti/arm/16.9.4.LTS/Linux"
            os="undefined"
            rts="ti.targets.arm.rtsarm">
            <model endian="little"
                codeModel="thumb2"
                dataModel="undefined"/>
        </target>
        <target name="gnu.targets.arm.M3"
            version="gnu.targets.arm.M3{1,0,6.3,1"
            rawVersion="6.3.1"
            platform="ti.platforms.tiva:TM4C1294NCPDT"
            isa="v7M"
            suffix="m3g"
            rootDir="/db/vendors/linaro/gcc-arm-none-eabi-6-2017-q1-update"
            os="undefined"
            rts="gnu.targets.arm.rtsv7M">
            <model endian="little"
                codeModel="thumb2"
                dataModel="undefined"/>
        </target>
        <target name="iar.targets.arm.M3"
            version="iar.targets.arm.M3{1,0,8.11,1"
            rawVersion="8.11.1.47"
            platform="ti.platforms.tiva:TM4C1294NCPDT:1"
            isa="v7M"
            suffix="rm3"
            rootDir="/db/vendors/iar/arm/8.11.1.47/Linux"
            os="undefined"
            rts="iar.targets.arm.rts">
            <model endian="little"
                codeModel="thumb2"
                dataModel="undefined"/>
        </target>
        <target name="ti.targets.arm.elf.M4F"
            version="ti.targets.arm.elf.M4F{1,0,16.9,4"
            rawVersion="16.9.4"
            platform="ti.platforms.tiva:TM4C1294NCPDT:1"
            isa="v7M4"
            suffix="em4f"
            rootDir="/db/vendors/ti/arm/16.9.4.LTS/Linux"
            os="undefined"
            rts="ti.targets.arm.rtsarm">
            <model endian="little"
                codeModel="thumb2"
                dataModel="undefined"/>
        </target>
        <target name="gnu.targets.arm.M4F"
            version="gnu.targets.arm.M4F{1,0,6.3,1"
            rawVersion="6.3.1"
            platform="ti.platforms.tiva:TM4C1294NCPDT"
            isa="v7M4"
            suffix="m4fg"
            rootDir="/db/vendors/linaro/gcc-arm-none-eabi-6-2017-q1-update"
            os="undefined"
            rts="gnu.targets.arm.rtsv7M">
            <model endian="little"
                codeModel="thumb2"
                dataModel="undefined"/>
        </target>
        <target name="iar.targets.arm.M4F"
            version="iar.targets.arm.M4F{1,0,8.11,1"
            rawVersion="8.11.1.47"
            platform="ti.platforms.tiva:TM4C1294NCPDT:1"
            isa="v7M4"
            suffix="rm4f"
            rootDir="/db/vendors/iar/arm/8.11.1.47/Linux"
            os="undefined"
            rts="iar.targets.arm.rts">
            <model endian="little"
                codeModel="thumb2"
                dataModel="undefined"/>
        </target>
    </targets>
    <libraries>
    <library name="lib/sysbios/debug/ti.sysbios.gates"
        pname="lib/sysbios/debug/ti.sysbios.gates.aem3"
        profile="debug"
        target="ti.targets.arm.elf.M3"/>
    <library name="lib/sysbios/debug/ti.sysbios.gates"
        pname="lib/sysbios/debug/ti.sysbios.gates.am3g"
        profile="debug"
        target="gnu.targets.arm.M3"/>
    <library name="lib/sysbios/debug/ti.sysbios.gates"
        pname="lib/sysbios/debug/ti.sysbios.gates.arm3"
        profile="debug"
        target="iar.targets.arm.M3"/>
    <library name="lib/sysbios/debug/ti.sysbios.gates"
        pname="lib/sysbios/debug/ti.sysbios.gates.aem4f"
        profile="debug"
        target="ti.targets.arm.elf.M4F"/>
    <library name="lib/sysbios/debug/ti.sysbios.gates"
        pname="lib/sysbios/debug/ti.sysbios.gates.am4fg"
        profile="debug"
        target="gnu.targets.arm.M4F"/>
    <library name="lib/sysbios/debug/ti.sysbios.gates"
        pname="lib/sysbios/debug/ti.sysbios.gates.arm4f"
        profile="debug"
        target="iar.targets.arm.M4F"/>
    </libraries>
    <configurations>
    </configurations>
    <executables>
    </executables>
    <tests>
    </tests>
    <releases relDir="package/rel/">
    <release name="ti_sysbios_gates"
        pname="ti_sysbios_gates.tar"
        label="default"
        relScript="ti/sysbios/libFilter.xs">
        <file name="package/package.bld.xml"/>
        <file name="package/build.cfg"/>
        <file name="package/package.xdc.inc"/>
        <file name="package.bld"/>
        <file name="GateHwi.xml"/>
        <file name="GateMutex.xml"/>
        <file name="GateMutexPri.xml"/>
        <file name="GateSwi.xml"/>
        <file name="GateTask.xml"/>
        <file name="GateAll.xml"/>
        <file name="GateSpinlock.xml"/>
        <file name="package/package.cfg.xdc.inc"/>
        <file name="lib/sysbios/debug/ti.sysbios.gates.aem3"/>
        <file name="package/package_ti.sysbios.gates.c"/>
        <file name="GateHwi.c"/>
        <file name="GateAll.c"/>
        <file name="GateSwi.c"/>
        <file name="GateTask.c"/>
        <file name="GateTest.c"/>
        <file name="GateMutex.c"/>
        <file name="GateMutexPri.c"/>
        <file name="GateSpinlock.c"/>
        <file name="lib/sysbios/debug/ti.sysbios.gates.am3g"/>
        <file name="lib/sysbios/debug/ti.sysbios.gates.arm3"/>
        <file name="lib/sysbios/debug/ti.sysbios.gates.aem4f"/>
        <file name="lib/sysbios/debug/ti.sysbios.gates.am4fg"/>
        <file name="lib/sysbios/debug/ti.sysbios.gates.arm4f"/>
    </release>
    </releases>
    <repositories>
    </repositories>
</package>
