<?xml version="1.0" encoding="UTF-8"?>
<!--  This file conforms to the DTD xdc/bld/build.dtd -->
<package name="ti.sysbios.family.arm" version="2, 0, 0, 0" producerId="undefined">
    <units>
        <module name="HwiCommon"/>
        <module name="IntrinsicsSupport"/>
        <module name="MPU"/>
        <module name="Settings"/>
        <module name="TaskSupport"/>
    </units>
    <sources>
        <srcFile name="package/package_ti.sysbios.family.arm.c"/>
        <srcFile name="MPU.c"/>
    </sources>
    <configscripts>
    </configscripts>
    <makefiles>
        <srcFile name="package.mak" src="package.bld"/>
        <srcFile name="package/package.xdc.dep" src="package.xdc"/>
        <srcFile name="package/package.cfg.dep" src="package.xdc"/>
        <srcFile name="lib/sysbios/debug/ti.sysbios.family.arm.aem4f.mak" src="package.bld"/>
        <srcFile name="package/lib/lib/sysbios/debug/ti.sysbios.family.arm/package/package_ti.sysbios.family.arm.oem4f.dep" src="package/package_ti.sysbios.family.arm.c"/>
        <srcFile name="package/lib/lib/sysbios/debug/ti.sysbios.family.arm/MPU.oem4f.dep" src="MPU.c"/>
        <srcFile name="lib/sysbios/debug/ti.sysbios.family.arm.am4fg.mak" src="package.bld"/>
        <srcFile name="package/lib/lib/sysbios/debug/ti.sysbios.family.arm/package/package_ti.sysbios.family.arm.om4fg.dep" src="package/package_ti.sysbios.family.arm.c"/>
        <srcFile name="package/lib/lib/sysbios/debug/ti.sysbios.family.arm/MPU.om4fg.dep" src="MPU.c"/>
        <srcFile name="lib/sysbios/debug/ti.sysbios.family.arm.arm4f.mak" src="package.bld"/>
        <srcFile name="package/lib/lib/sysbios/debug/ti.sysbios.family.arm/package/package_ti.sysbios.family.arm.orm4f.dep" src="package/package_ti.sysbios.family.arm.c"/>
        <srcFile name="package/lib/lib/sysbios/debug/ti.sysbios.family.arm/MPU.orm4f.dep" src="MPU.c"/>
        <srcFile name="package/rel/ti_sysbios_family_arm.tar.dep" src="package/rel/ti_sysbios_family_arm.xdc.inc"/>
    </makefiles>
    <targets>
        <target name="ti.targets.arm.elf.M4F"
            version="ti.targets.arm.elf.M4F{1,0,16.9,4"
            rawVersion="16.9.4"
            platform="ti.platforms.tiva:TM4C1294NCPDT:1"
            isa="v7M4"
            suffix="em4f"
            rootDir="/db/vendors/ti/arm/16.9.4.LTS/Linux"
            os="undefined"
            rts="ti.targets.arm.rtsarm">
            <model endian="little"
                codeModel="thumb2"
                dataModel="undefined"/>
        </target>
        <target name="gnu.targets.arm.M4F"
            version="gnu.targets.arm.M4F{1,0,6.3,1"
            rawVersion="6.3.1"
            platform="ti.platforms.tiva:TM4C1294NCPDT"
            isa="v7M4"
            suffix="m4fg"
            rootDir="/db/vendors/linaro/gcc-arm-none-eabi-6-2017-q1-update"
            os="undefined"
            rts="gnu.targets.arm.rtsv7M">
            <model endian="little"
                codeModel="thumb2"
                dataModel="undefined"/>
        </target>
        <target name="iar.targets.arm.M4F"
            version="iar.targets.arm.M4F{1,0,8.11,1"
            rawVersion="8.11.1.47"
            platform="ti.platforms.tiva:TM4C1294NCPDT:1"
            isa="v7M4"
            suffix="rm4f"
            rootDir="/db/vendors/iar/arm/8.11.1.47/Linux"
            os="undefined"
            rts="iar.targets.arm.rts">
            <model endian="little"
                codeModel="thumb2"
                dataModel="undefined"/>
        </target>
    </targets>
    <libraries>
    <library name="lib/sysbios/debug/ti.sysbios.family.arm"
        pname="lib/sysbios/debug/ti.sysbios.family.arm.aem4f"
        profile="debug"
        target="ti.targets.arm.elf.M4F"/>
    <library name="lib/sysbios/debug/ti.sysbios.family.arm"
        pname="lib/sysbios/debug/ti.sysbios.family.arm.am4fg"
        profile="debug"
        target="gnu.targets.arm.M4F"/>
    <library name="lib/sysbios/debug/ti.sysbios.family.arm"
        pname="lib/sysbios/debug/ti.sysbios.family.arm.arm4f"
        profile="debug"
        target="iar.targets.arm.M4F"/>
    </libraries>
    <configurations>
    </configurations>
    <executables>
    </executables>
    <tests>
    </tests>
    <releases relDir="package/rel/">
    <release name="ti_sysbios_family_arm"
        pname="ti_sysbios_family_arm.tar"
        label="default"
        relScript="ti/sysbios/libFilter.xs">
        <file name="package/package.bld.xml"/>
        <file name="package/build.cfg"/>
        <file name="package/package.xdc.inc"/>
        <file name="package.bld"/>
        <file name="linkcmd.xdt"/>
        <file name="Hwi_link.xdt"/>
        <file name="doc-files"/>
        <file name="armSettings.xs"/>
        <file name="Settings.xml"/>
        <file name="MPU.xml"/>
        <file name="MPU_link.xdt"/>
        <file name="package/package.cfg.xdc.inc"/>
        <file name="lib/sysbios/debug/ti.sysbios.family.arm.aem4f"/>
        <file name="package/package_ti.sysbios.family.arm.c"/>
        <file name="MPU.c"/>
        <file name="lib/sysbios/debug/ti.sysbios.family.arm.am4fg"/>
        <file name="lib/sysbios/debug/ti.sysbios.family.arm.arm4f"/>
    </release>
    </releases>
    <repositories>
    </repositories>
</package>
