<?xml version="1.0" encoding="UTF-8"?>
<!--  This file conforms to the DTD xdc/bld/build.dtd -->
<package name="ti.sysbios.family.arm.cc26xx" version="1, 0, 0, 0" producerId="undefined">
    <units>
        <module name="Alarm"/>
        <module name="Boot"/>
        <module name="Power"/>
        <module name="Seconds"/>
        <module name="Timer"/>
        <module name="TimestampProvider"/>
    </units>
    <sources>
        <srcFile name="package/package_ti.sysbios.family.arm.cc26xx.c"/>
        <srcFile name="Alarm.c"/>
        <srcFile name="Boot.c"/>
        <srcFile name="Seconds.c"/>
        <srcFile name="Timer.c"/>
        <srcFile name="TimestampProvider.c"/>
    </sources>
    <configscripts>
    </configscripts>
    <makefiles>
        <srcFile name="package.mak" src="package.bld"/>
        <srcFile name="package/package.xdc.dep" src="package.xdc"/>
        <srcFile name="package/package.cfg.dep" src="package.xdc"/>
        <srcFile name="lib/sysbios/debug/ti.sysbios.family.arm.cc26xx.aem3.mak" src="package.bld"/>
        <srcFile name="package/lib/lib/sysbios/debug/ti.sysbios.family.arm.cc26xx/package/package_ti.sysbios.family.arm.cc26xx.oem3.dep" src="package/package_ti.sysbios.family.arm.cc26xx.c"/>
        <srcFile name="package/lib/lib/sysbios/debug/ti.sysbios.family.arm.cc26xx/Alarm.oem3.dep" src="Alarm.c"/>
        <srcFile name="package/lib/lib/sysbios/debug/ti.sysbios.family.arm.cc26xx/Boot.oem3.dep" src="Boot.c"/>
        <srcFile name="package/lib/lib/sysbios/debug/ti.sysbios.family.arm.cc26xx/Seconds.oem3.dep" src="Seconds.c"/>
        <srcFile name="package/lib/lib/sysbios/debug/ti.sysbios.family.arm.cc26xx/Timer.oem3.dep" src="Timer.c"/>
        <srcFile name="package/lib/lib/sysbios/debug/ti.sysbios.family.arm.cc26xx/TimestampProvider.oem3.dep" src="TimestampProvider.c"/>
        <srcFile name="lib/sysbios/debug/ti.sysbios.family.arm.cc26xx.am3g.mak" src="package.bld"/>
        <srcFile name="package/lib/lib/sysbios/debug/ti.sysbios.family.arm.cc26xx/package/package_ti.sysbios.family.arm.cc26xx.om3g.dep" src="package/package_ti.sysbios.family.arm.cc26xx.c"/>
        <srcFile name="package/lib/lib/sysbios/debug/ti.sysbios.family.arm.cc26xx/Alarm.om3g.dep" src="Alarm.c"/>
        <srcFile name="package/lib/lib/sysbios/debug/ti.sysbios.family.arm.cc26xx/Boot.om3g.dep" src="Boot.c"/>
        <srcFile name="package/lib/lib/sysbios/debug/ti.sysbios.family.arm.cc26xx/Seconds.om3g.dep" src="Seconds.c"/>
        <srcFile name="package/lib/lib/sysbios/debug/ti.sysbios.family.arm.cc26xx/Timer.om3g.dep" src="Timer.c"/>
        <srcFile name="package/lib/lib/sysbios/debug/ti.sysbios.family.arm.cc26xx/TimestampProvider.om3g.dep" src="TimestampProvider.c"/>
        <srcFile name="lib/sysbios/debug/ti.sysbios.family.arm.cc26xx.arm3.mak" src="package.bld"/>
        <srcFile name="package/lib/lib/sysbios/debug/ti.sysbios.family.arm.cc26xx/package/package_ti.sysbios.family.arm.cc26xx.orm3.dep" src="package/package_ti.sysbios.family.arm.cc26xx.c"/>
        <srcFile name="package/lib/lib/sysbios/debug/ti.sysbios.family.arm.cc26xx/Alarm.orm3.dep" src="Alarm.c"/>
        <srcFile name="package/lib/lib/sysbios/debug/ti.sysbios.family.arm.cc26xx/Boot.orm3.dep" src="Boot.c"/>
        <srcFile name="package/lib/lib/sysbios/debug/ti.sysbios.family.arm.cc26xx/Seconds.orm3.dep" src="Seconds.c"/>
        <srcFile name="package/lib/lib/sysbios/debug/ti.sysbios.family.arm.cc26xx/Timer.orm3.dep" src="Timer.c"/>
        <srcFile name="package/lib/lib/sysbios/debug/ti.sysbios.family.arm.cc26xx/TimestampProvider.orm3.dep" src="TimestampProvider.c"/>
        <srcFile name="package/rel/ti_sysbios_family_arm_cc26xx.tar.dep" src="package/rel/ti_sysbios_family_arm_cc26xx.xdc.inc"/>
    </makefiles>
    <targets>
        <target name="ti.targets.arm.elf.M3"
            version="ti.targets.arm.elf.M3{1,0,16.9,4"
            rawVersion="16.9.4"
            platform="ti.platforms.simCM3"
            isa="v7M"
            suffix="em3"
            rootDir="/db/vendors/ti/arm/16.9.4.LTS/Linux"
            os="undefined"
            rts="ti.targets.arm.rtsarm">
            <model endian="little"
                codeModel="thumb2"
                dataModel="undefined"/>
        </target>
        <target name="gnu.targets.arm.M3"
            version="gnu.targets.arm.M3{1,0,6.3,1"
            rawVersion="6.3.1"
            platform="ti.platforms.tiva:TM4C1294NCPDT"
            isa="v7M"
            suffix="m3g"
            rootDir="/db/vendors/linaro/gcc-arm-none-eabi-6-2017-q1-update"
            os="undefined"
            rts="gnu.targets.arm.rtsv7M">
            <model endian="little"
                codeModel="thumb2"
                dataModel="undefined"/>
        </target>
        <target name="iar.targets.arm.M3"
            version="iar.targets.arm.M3{1,0,8.11,1"
            rawVersion="8.11.1.47"
            platform="ti.platforms.tiva:TM4C1294NCPDT:1"
            isa="v7M"
            suffix="rm3"
            rootDir="/db/vendors/iar/arm/8.11.1.47/Linux"
            os="undefined"
            rts="iar.targets.arm.rts">
            <model endian="little"
                codeModel="thumb2"
                dataModel="undefined"/>
        </target>
    </targets>
    <libraries>
    <library name="lib/sysbios/debug/ti.sysbios.family.arm.cc26xx"
        pname="lib/sysbios/debug/ti.sysbios.family.arm.cc26xx.aem3"
        profile="debug"
        target="ti.targets.arm.elf.M3"/>
    <library name="lib/sysbios/debug/ti.sysbios.family.arm.cc26xx"
        pname="lib/sysbios/debug/ti.sysbios.family.arm.cc26xx.am3g"
        profile="debug"
        target="gnu.targets.arm.M3"/>
    <library name="lib/sysbios/debug/ti.sysbios.family.arm.cc26xx"
        pname="lib/sysbios/debug/ti.sysbios.family.arm.cc26xx.arm3"
        profile="debug"
        target="iar.targets.arm.M3"/>
    </libraries>
    <configurations>
    </configurations>
    <executables>
    </executables>
    <tests>
    </tests>
    <releases relDir="package/rel/">
    <release name="ti_sysbios_family_arm_cc26xx"
        pname="ti_sysbios_family_arm_cc26xx.tar"
        label="default"
        relScript="ti/sysbios/libFilter.xs">
        <file name="package/package.bld.xml"/>
        <file name="package/build.cfg"/>
        <file name="package/package.xdc.inc"/>
        <file name="package.bld"/>
        <file name="Boot.xdt"/>
        <file name="Boot.xml"/>
        <file name="Alarm.xml"/>
        <file name="TimestampProvider.xml"/>
        <file name="package/package.cfg.xdc.inc"/>
        <file name="lib/sysbios/debug/ti.sysbios.family.arm.cc26xx.aem3"/>
        <file name="package/package_ti.sysbios.family.arm.cc26xx.c"/>
        <file name="Alarm.c"/>
        <file name="Boot.c"/>
        <file name="Seconds.c"/>
        <file name="Timer.c"/>
        <file name="TimestampProvider.c"/>
        <file name="lib/sysbios/debug/ti.sysbios.family.arm.cc26xx.am3g"/>
        <file name="lib/sysbios/debug/ti.sysbios.family.arm.cc26xx.arm3"/>
    </release>
    </releases>
    <repositories>
    </repositories>
</package>
