<?xml version="1.0" encoding="UTF-8"?>
<!--  This file conforms to the DTD xdc/bld/build.dtd -->
<package name="ti.sysbios.family.arm.msp432.init" version="1, 0, 0, 0" producerId="undefined">
    <units>
        <module name="Boot"/>
    </units>
    <sources>
        <srcFile name="package/package_ti.sysbios.family.arm.msp432.init.c"/>
        <srcFile name="Boot.c"/>
    </sources>
    <configscripts>
    </configscripts>
    <makefiles>
        <srcFile name="package.mak" src="package.bld"/>
        <srcFile name="package/package.xdc.dep" src="package.xdc"/>
        <srcFile name="package/package.cfg.dep" src="package.xdc"/>
        <srcFile name="lib/sysbios/debug/ti.sysbios.family.arm.msp432.init.aem4f.mak" src="package.bld"/>
        <srcFile name="package/lib/lib/sysbios/debug/ti.sysbios.family.arm.msp432.init/package/package_ti.sysbios.family.arm.msp432.init.oem4f.dep" src="package/package_ti.sysbios.family.arm.msp432.init.c"/>
        <srcFile name="package/lib/lib/sysbios/debug/ti.sysbios.family.arm.msp432.init/Boot.oem4f.dep" src="Boot.c"/>
        <srcFile name="package/rel/ti_sysbios_family_arm_msp432_init.tar.dep" src="package/rel/ti_sysbios_family_arm_msp432_init.xdc.inc"/>
    </makefiles>
    <targets>
        <target name="ti.targets.arm.elf.M4F"
            version="ti.targets.arm.elf.M4F{1,0,16.9,4"
            rawVersion="16.9.4"
            platform="ti.platforms.tiva:TM4C1294NCPDT:1"
            isa="v7M4"
            suffix="em4f"
            rootDir="/db/vendors/ti/arm/16.9.4.LTS/Linux"
            os="undefined"
            rts="ti.targets.arm.rtsarm">
            <model endian="little"
                codeModel="thumb2"
                dataModel="undefined"/>
        </target>
    </targets>
    <libraries>
    <library name="lib/sysbios/debug/ti.sysbios.family.arm.msp432.init"
        pname="lib/sysbios/debug/ti.sysbios.family.arm.msp432.init.aem4f"
        profile="debug"
        target="ti.targets.arm.elf.M4F"/>
    </libraries>
    <configurations>
    </configurations>
    <executables>
    </executables>
    <tests>
    </tests>
    <releases relDir="package/rel/">
    <release name="ti_sysbios_family_arm_msp432_init"
        pname="ti_sysbios_family_arm_msp432_init.tar"
        label="default"
        relScript="ti/sysbios/libFilter.xs">
        <file name="package/package.bld.xml"/>
        <file name="package/build.cfg"/>
        <file name="package/package.xdc.inc"/>
        <file name="package.bld"/>
        <file name="Boot.xml"/>
        <file name="package/package.cfg.xdc.inc"/>
        <file name="lib/sysbios/debug/ti.sysbios.family.arm.msp432.init.aem4f"/>
        <file name="package/package_ti.sysbios.family.arm.msp432.init.c"/>
        <file name="Boot.c"/>
    </release>
    </releases>
    <repositories>
    </repositories>
</package>
