<?xml version="1.0" encoding="UTF-8" standalone="no"?>
<!--
--COPYRIGHT-- Copyright (c) 2015, Texas Instruments Incorporated
--/COPYRIGHT--All rights reserved.
-->

<gep name="TMS570/Boot" title="TMS570 Boot" version="1">
<page name="Basic" title="Boot/Startup Options">
<html><body><table>
  <tr><td colspan="2">
    <control type="checkbox" label="Add Boot management to my configuration" value="value:this.$used" bold="true"/></td>
  </tr>
  <tr></tr>
  <tr>
    <td>
      <h1>Clock Configuration</h1>
        <table>
        <tr>
          <td><control type="checkbox"
                       label="Configure PLL and CPU clock dividers"
                       value="value:this.configureClocks"
                       tooltip="value:this.configureClocks.$summary"/></td>
        </tr>
        <tr>
          <td><control type="label"
                       label="Input clock (OSCIN) frequency (MHz)"
                       align="left"/></td>
          <td><control type="editbox"
                       value="value:this.OSCIN"
                       tooltip="value:this.OSCIN.$summary"
                       enabled="value:this.configureClocks"/></td>
        </tr>
        <tr>
          <td><control type="label"
                       label="PLL Integer Multiplier - SPLLIMULT"
                       align="left"/></td>
          <td><control type="editbox"
                       value="value:this.SPLLIMULT"
                       tooltip="value:this.SPLLIMULT.$summary"
                       enabled="value:this.configureClocks"/></td>
        </tr>
        <tr>
          <td><control type="label"
                       label="PLL Fractional Multiplier - SPLLFMULT"
                       align="left"/></td>
          <td><control type="droplist"
                       value="value:this.SPLLFMULT"
                       tooltip="value:this.SPLLFMULT.$summary"
                       enabled="value:this.configureClocks"/></td>
        </tr>
        <tr>
          <td><control type="label"
                       label="System Clock Divider - SYSCLKDIVSEL"
                       align="left"/></td>
          <td><control type="editbox"
                       value="value:this.SYSCLKDIVSEL"
                       tooltip="value:this.SYSCLKDIVSEL.$summary"
                       enabled="value:this.configureClocks"/></td>
        </tr>
        <tr>
          <td><control type="label"
                       label="Computed CPU clock frequency (Hz) "
                       align="left"
                       visible="value:this.configureClocks"/></td>
          <td><control type="label"
                       label="value:this.timestampFreq"
                       tooltip="Based on PLL and CPU clock dividers above"
                       visible="value:this.configureClocks"/></td>
        </tr>
        <tr>
          <td><control type="label"
                       label="CPU clock frequency (Hz) "
                       align="left"
                       visible="value:!(this.configureClocks)"/></td>
          <td><control type="label"
                       label="value:ti.sysbios.BIOS.cpuFreq.lo"
                       tooltip="Based on BIOS CPU clock frequency setting"
                       visible="value:!(this.configureClocks)"/></td>
        </tr>
        <tr>
          <td><control type="label"
                       label="Limp mode abort function"
                       align="left"/></td>
          <td><control type="editbox"
                       value="value:this.limpAbortFunction"
                       tooltip="value:this.limpAbortFunction.$summary"/></td>
        </tr>
      </table>
    </td>
  </tr>
  <tr>
    <td>
      <h1>Flash Controller Configuration</h1>
        <table>
        <tr>
          <td><control type="checkbox"
                       label="Configure Flash controller"
                       value="value:this.configureFlashController"
                       tooltip="value:this.configureFlashController.$summary"/></td>
        </tr>
        <tr>
          <td><control type="label" label=" "/></td>
          <td><control type="label" label=" "/></td>
          <td><control type="label" label=" "/></td>
          <td><control type="label" label=" "/></td>
          <td><control type="checkbox"
                       label="Configure Flash controller wait states"
                       value="value:this.configureFlashWaitStates"
                       visible="value:this.configureFlashController"
                       align="right"
                       tooltip="value:this.configureFlashWaitStates.$summary"/></td>
        </tr>
        <tr>
          <td><control type="label" label=" "/></td>
          <td><control type="label" label=" "/></td>
          <td><control type="label" label=" "/></td>
          <td><control type="label" label=" "/></td>
          <td><control type="label"
                       label="Computed wait states  "
                       visible="value:this.configureFlashController"/></td>
          <td><control type="label"
                       label="value:this.flashWaitStates"
                       visible="value:this.configureFlashController"
                       tooltip="If BIOS cpu clock frequency was modified, hit refresh button to update this value"
                       bold="true"/></td>
        </tr>
        <tr>
          <td><control type="label" label=" "/></td>
          <td><control type="label" label=" "/></td>
          <td><control type="label" label=" "/></td>
          <td><control type="label" label=" "/></td>
          <td><control type="checkbox"
                       label="Enable program cache"
                       value="value:this.enableFlashProgramCache"
                       visible="value:this.configureFlashController"
                       tooltip="value:this.enableFlashProgramCache.$summary"/></td>
        </tr>
        <tr>
          <td><control type="label" label=" "/></td>
          <td><control type="label" label=" "/></td>
          <td><control type="label" label=" "/></td>
          <td><control type="label" label=" "/></td>
          <td><control type="checkbox"
                       label="Enable data cache"
                       value="value:this.enableFlashDataCache"
                       visible="value:this.configureFlashController"
                       tooltip="value:this.enableFlashDataCache.$summary"/></td>
        </tr>
      </table>
    </td>
  </tr>
</table></body></html>
</page>

<properties name="Advanced" title="All Options" enabled="true" visible="true" link="this"/>

</gep>
